y,y1,y_dgp_f,z
0,NA,NA,0
-1.694332309280802,-1.694332309280802,NA,-1.4172888840413174
-2.5754030842761768,-2.5754030842761768,NA,-4.1777890386329728
-1.6348264214510046,-1.6348264214510046,NA,-4.5788871075263976
-3.9601374016652928,-3.9601374016652928,NA,-7.8684208219900272
-3.1600745756527688,-3.1600745756527688,NA,-6.9314560912992704
-3.5153025242623804,-3.5153025242623804,NA,-8.680052080869688
-2.8276607785196836,-2.8276607785196836,NA,-6.044866698473836
-1.1708027000422652,-1.1708027000422652,NA,-5.0231606878527512
-0.45420573808228368,-0.45420573808228368,NA,-3.4758632914785716
1.6735558236272782,1.6735558236272782,NA,-1.02071965379334
3.5402024966472784,3.5402024966472784,NA,0.6095277309998656
3.8803976862750648,3.8803976862750648,NA,0.82758952085643072
1.8942475289616936,1.8942475289616936,NA,-2.848237888244164
2.049251451186504,2.049251451186504,NA,-1.252812453444685
2.8379367446321696,2.8379367446321696,NA,2.66362660820963
1.6337842308537108,1.6337842308537108,NA,0.8363081106629184
1.2799175094954834,1.2799175094954834,NA,-0.24738495858917344
0.76845811963446864,0.76845811963446864,NA,1.7135969971936178
-0.57921806465215184,-0.57921806465215184,NA,0.47859528033484208
-2.5465533317852308,-2.5465533317852308,NA,-3.0786401850380444
-1.7940364187400338,-1.7940364187400338,NA,-2.6167370193438356
-1.037481391851058,-1.037481391851058,NA,-1.8779504127873148
-3.334800542748724,-3.334800542748724,NA,-5.5023448244685496
-2.3425244183733368,-2.3425244183733368,NA,-4.0540543662073104
-1.9782181182255048,-1.9782181182255048,NA,-3.3898572627451228
-1.4346181501805258,-1.4346181501805258,NA,-4.0999310904601528
-3.874925290541032,-3.874925290541032,NA,-6.452995309630484
-2.487289390294944,-2.487289390294944,NA,-5.5192691433859296
-1.2664702446415412,-1.2664702446415412,NA,-5.355620231850444
-2.4303295955230056,-2.4303295955230056,NA,-2.870501972961568
-0.59145537785582112,-0.59145537785582112,NA,-1.084323967659838
0.52986020526548192,0.52986020526548192,NA,0.35654086836225428
0.92722038637329216,0.92722038637329216,NA,1.3856894384118878
2.655071289669864,2.655071289669864,NA,1.3798469364461994
4.146105210219392,4.146105210219392,NA,4.9359690083226576
3.9176759111592944,3.9176759111592944,NA,4.7134096850901976
4.0990083347690232,4.0990083347690232,NA,6.1691448185960728
5.4073046774706288,5.4073046774706288,NA,9.9715576176867456
3.9259279412082976,3.9259279412082976,NA,8.00348471413744
3.4858370631735432,3.4858370631735432,NA,8.7939232884171776
1.6968073598071838,1.6968073598071838,NA,5.4019875613220984
0.82087595079245216,0.82087595079245216,NA,3.7446655899803112
0.70244455653187864,0.70244455653187864,NA,1.628542173268064
0.38496746487860992,0.38496746487860992,NA,1.0151386746184846
1.0236948825087656,1.0236948825087656,NA,-1.2612508519082506
1.2517389856232764,1.2517389856232764,NA,-1.4407090588997788
1.6379321281231474,1.6379321281231474,NA,-2.20254095317343
2.7925484708917992,2.7925484708917992,NA,-1.5826472096647922
2.317569762805946,2.317569762805946,NA,-3.153553640270562
1.902497595947578,1.902497595947578,NA,-3.2492320527876772
2.4234529686741304,2.4234529686741304,NA,-2.6465688373664416
1.9592352917679464,1.9592352917679464,NA,-0.7588812124499944
2.5559760160149728,2.5559760160149728,NA,1.8065594092614036
2.8896239445035396,2.8896239445035396,NA,1.1490212339644324
2.8779333141731384,2.8779333141731384,NA,2.80362103049558
2.7448420884669508,2.7448420884669508,NA,1.1672929310816774
4.0648248469159416,4.0648248469159416,NA,3.7995603384412792
4.6183661334276944,4.6183661334276944,NA,5.2831828846961584
3.7187966830654168,3.7187966830654168,NA,5.1237143550670944
4.8091045248541328,4.8091045248541328,NA,5.4355870596460728
3.8873778428455448,3.8873778428455448,NA,2.600675092779106
3.6829599856224584,3.6829599856224584,NA,4.1031604792299176
3.1997872289043512,3.1997872289043512,NA,7.7063014088381792
1.2168278199667504,1.2168278199667504,NA,2.9505620752267868
1.2590647440872606,1.2590647440872606,NA,2.8694194189663752
-0.13203337667788916,-0.13203337667788916,NA,3.2971207630536384
1.1940474566262056,1.1940474566262056,NA,5.3055847056634808
3.5713303760682284,3.5713303760682284,NA,7.7766561605478288
3.3360797231265656,3.3360797231265656,NA,8.032009464529688
4.018490532001464,4.018490532001464,NA,7.5878577419537632
2.6670980204688928,2.6670980204688928,NA,4.9553288073025888
3.7272943241408136,3.7272943241408136,NA,7.3526827156580336
4.1660188313986792,4.1660188313986792,NA,7.2310106048395648
0.09360066348135376,0.09360066348135376,NA,6.7007268210839056
0.64700123715107784,0.64700123715107784,NA,6.8572110160865872
0.80143631525941744,0.80143631525941744,NA,5.3891851735197968
1.5279516468184342,1.5279516468184342,NA,5.3111960330227704
-0.74130151063737008,-0.74130151063737008,NA,3.3446872547483624
-0.6873707260233228,-0.6873707260233228,NA,1.946479233622882
1.1855989250619434,1.1855989250619434,NA,2.7042661647462812
2.6289541701468796,2.6289541701468796,NA,2.744670622153066
1.6337386636649192,1.6337386636649192,NA,1.849964269169726
2.12720028720568,2.12720028720568,NA,3.9226840297846904
1.5698380533475354,1.5698380533475354,NA,3.0147792948203196
0.7554594501033928,0.7554594501033928,NA,-0.43145895236157504
-0.98770979533875344,-0.98770979533875344,NA,-1.2859848842369626
-1.5268433487367004,-1.5268433487367004,NA,-3.3509500575890036
-1.588653746058012,-1.588653746058012,NA,-5.2712246985459696
1.2782600416368404,1.2782600416368404,NA,-2.1919449651326376
0.70746920393217928,0.70746920393217928,NA,-2.4693249626092476
0.11815569586673102,0.11815569586673102,NA,-1.3648750628656242
-0.71308980979920064,-0.71308980979920064,NA,-4.62293417074906
0.1409850598997644,0.1409850598997644,NA,-4.8761672476178904
-0.60647042165289376,-0.60647042165289376,NA,-7.3086891167542752
1.2944474889607988,1.2944474889607988,NA,-4.1286509234500584
0.58843637778148008,0.58843637778148008,NA,-1.4775622657417102
1.6984447063289822,1.6984447063289822,NA,-0.90593893649192928
-0.32865514667424668,-0.32865514667424668,NA,-1.2266411296982934
0.62795369680030968,0.62795369680030968,NA,-1.3544891141244392
-1.0907749945097856,-1.0907749945097856,NA,-2.8150246204745884
0.70106116831977328,0.70106116831977328,NA,-0.059710662478587032
0.38944263738830368,0.38944263738830368,NA,-0.7015941325626048
-1.2525672589785474,-1.2525672589785474,NA,-3.8654388423573688
-1.1109350517240966,-1.1109350517240966,NA,-2.7026097824739592
-1.8520122000620176,-1.8520122000620176,NA,-3.1676189010170212
-0.20568650859688596,-0.20568650859688596,NA,-1.2871655640606596
-0.80761857241238208,-0.80761857241238208,NA,-3.8185014261645152
-1.0817491715343234,-1.0817491715343234,NA,-5.5285782312249016
0.71621765246200472,0.71621765246200472,NA,-5.1474717428558904
-0.52967009921775168,-0.52967009921775168,NA,-6.7095608349365888
-1.3428789642184446,-1.3428789642184446,NA,-4.9006877594826752
-3.5250746439302748,-3.5250746439302748,NA,-5.880436083441352
-2.9881288276780432,-2.9881288276780432,NA,-4.0711026252946176
-5.8939485886946664,-5.8939485886946664,NA,-6.1395134422376784
-6.4944432553473008,-6.4944432553473008,NA,-6.7693795100701832
-6.7793503570935888,-6.7793503570935888,NA,-9.5376193656220736
-5.5322958676923312,-5.5322958676923312,NA,-7.7829108354809328
-1.8383725995401004,-1.8383725995401004,NA,-0.17220761782502426
-3.254647682839802,-3.254647682839802,NA,-0.5540834146434556
-4.278123652057568,-4.278123652057568,NA,-1.6024528320755426
-6.1129694539356544,-6.1129694539356544,NA,-3.3125715369030308
-5.0373764860474288,-5.0373764860474288,NA,-2.0110781019043248
-2.0994375366111516,-2.0994375366111516,NA,-1.9181210402633608
-1.8514598901638296,-1.8514598901638296,NA,-2.0359833704438412
0.19669480043923436,0.19669480043923436,NA,-2.1106166275608008
1.4380674467663628,1.4380674467663628,NA,-0.6987455017578972
1.9347313995991512,1.9347313995991512,NA,0.97010018481550912
4.2545710850591688,4.2545710850591688,NA,3.3437540565061248
3.4393755375547588,3.4393755375547588,NA,4.2478697156233328
2.1162286749766004,2.1162286749766004,NA,4.355147014119248
5.08982369787424,5.08982369787424,NA,7.9765605532881472
5.559641372750356,5.559641372750356,NA,9.9942619037950816
7.941173758341336,7.941173758341336,NA,11.778021169037292
6.9202587358869512,6.9202587358869512,NA,8.3557615671229264
5.9446043432115336,5.9446043432115336,NA,6.5212103094871768
6.4337058113043032,6.4337058113043032,NA,7.4659941373485344
4.4981183544356664,4.4981183544356664,NA,4.0038816746377808
1.6717160516818134,1.6717160516818134,NA,3.5848122719895184
0.98522320830255792,0.98522320830255792,NA,1.2060537098110116
-0.55221521797734448,-0.55221521797734448,NA,0.067464562718044352
1.6715805968737198,1.6715805968737198,NA,3.9714516575773128
0.26489890822510788,0.26489890822510788,NA,2.1113778436755652
1.6398552509191564,1.6398552509191564,NA,2.9515237665866176
-0.11496671757612464,-0.11496671757612464,NA,1.91865115259499
1.3131706769502762,1.3131706769502762,NA,1.224756693538404
2.8534776433019192,2.8534776433019192,NA,3.1910638681793344
4.7413048444158864,4.7413048444158864,NA,5.2281093927838712
5.0173263804427552,5.0173263804427552,NA,7.4653860591977216
2.8283862253532492,2.8283862253532492,NA,5.88195015494932
4.3273898710859848,4.3273898710859848,NA,5.1811188057772336
6.287778708697104,6.287778708697104,NA,5.503335611203716
6.3463435714582432,6.3463435714582432,NA,3.9434810366824488
4.85772212348148,4.85772212348148,NA,4.5854254127619176
3.2788534630516812,3.2788534630516812,NA,1.0809154931906276
4.0758153393429032,4.0758153393429032,NA,3.077132983619578
2.7661780664248924,2.7661780664248924,NA,2.3007496118787688
1.8397124414309748,1.8397124414309748,NA,2.12880484842514
1.5459821011875782,1.5459821011875782,NA,4.0681439724501992
1.3583121286896354,1.3583121286896354,NA,4.1210559440907432
0.26787860047162228,0.26787860047162228,NA,4.269117547545492
0.18461624496040476,0.18461624496040476,NA,4.003755794807644
1.630334145733519,1.630334145733519,NA,7.6406177473056352
1.0787705179764714,1.0787705179764714,NA,3.375666321103132
0.1289694017020484,0.1289694017020484,NA,2.8917429207110056
-2.1140529763976508,-2.1140529763976508,NA,2.4255476939160356
-0.90901442570838592,-0.90901442570838592,NA,3.0234808024313856
0.45308336481719768,0.45308336481719768,NA,4.944098266235036
-0.10354744855271614,-0.10354744855271614,NA,5.268297241630108
1.128372763961508,1.128372763961508,NA,5.0257777143171952
-0.46699957532415072,-0.46699957532415072,NA,2.5383845127495572
1.6012561026787742,1.6012561026787742,NA,5.0039482652509104
1.4675259247457614,1.4675259247457614,NA,3.6369278771472016
1.5186522300983126,1.5186522300983126,NA,1.3198612569041848
2.5266456261130424,2.5266456261130424,NA,2.8285433934401488
4.0797066298683328,4.0797066298683328,NA,3.2833844467689824
2.792339801094516,2.792339801094516,NA,0.48273514444161856
0.24456776212635944,0.24456776212635944,NA,-0.5272287367294808
2.0603916001380768,2.0603916001380768,NA,1.8136747787190336
2.004788310891784,2.004788310891784,NA,3.1391286713552588
0.65878628210882264,0.65878628210882264,NA,1.940367239186406
0.65593345471559936,0.65593345471559936,NA,1.508167114077577
-1.9212717658854044,-1.9212717658854044,NA,-2.639682589128472
-2.0905822763045324,-2.0905822763045324,NA,-4.4668196595509336
-1.4775646101399184,-1.4775646101399184,NA,-4.4446752566782584
-1.0046464000669238,-1.0046464000669238,NA,-4.2947290686937432
-3.8561099469958048,-3.8561099469958048,NA,-4.0605067955415352
-0.75895042291764208,-0.75895042291764208,NA,-2.7877252132198676
-1.288263841750442,-1.288263841750442,NA,-2.543117256085404
-2.5328657272219636,-2.5328657272219636,NA,-2.9465031297197008
0.46460555728036944,0.46460555728036944,NA,-0.49999832433729144
3.56470863174672,3.56470863174672,NA,3.8111980919797184
5.6980041274584504,5.6980041274584504,NA,4.5983078183502232
4.7715279562589872,4.7715279562589872,NA,5.8475433289248792
1.6037975852203444,1.6037975852203444,NA,1.9944445598893312
2.131354391812618,2.131354391812618,NA,0.5727904677962772
1.9252193584136668,1.9252193584136668,NA,0.099939324754033056
1.5188296952763912,1.5188296952763912,NA,-0.35844421428864192
4.2741691107932168,4.2741691107932168,NA,3.3535949325932912
3.994525334054088,3.994525334054088,NA,1.1131819328044656
1.1377144709803722,1.1377144709803722,NA,-1.3345896209506382
0.95399681578257712,0.95399681578257712,NA,-1.170325119775558
-0.047094565389584896,-0.047094565389584896,NA,-3.2788195379678948
-1.1433242347529586,-1.1433242347529586,NA,-7.4208260419835984
-2.8664890725718412,-2.8664890725718412,NA,-7.8605014677355616
-2.227209610772206,-2.227209610772206,NA,-6.1241198217114864
-2.78687966047949,-2.78687966047949,NA,-5.3690466999710688
-3.3775255129695036,-3.3775255129695036,NA,-4.692562900785832
-4.4661989154761432,-4.4661989154761432,NA,-6.0256040481217032
-7.1457673628930344,-7.1457673628930344,NA,-7.3726712688541264
-6.8264093913468104,-6.8264093913468104,NA,-6.8334085744403496
-4.5534977757296776,-4.5534977757296776,NA,-2.0336495651344668
-4.2341738435910032,-4.2341738435910032,NA,-3.0796006928460616
-3.9070195481107944,-3.9070195481107944,NA,-1.1491591963274114
-6.2145865894254392,-6.2145865894254392,NA,-0.7462462201063496
-4.838517891887532,-4.838517891887532,NA,-1.5969486010616256
-3.7868200512166464,-3.7868200512166464,NA,-2.8217216688638912
-1.438047397395026,-1.438047397395026,NA,0.52846900677446216
-1.9209158790567696,-1.9209158790567696,NA,0.22582195818505736
-2.2303170441491348,-2.2303170441491348,NA,-0.13600874988557076
-3.3371565767869444,-3.3371565767869444,NA,-2.4896490644792724
-2.752675104142178,-2.752675104142178,NA,-1.659465580054843
-0.92934718263252384,-0.92934718263252384,NA,-0.38704794080253136
-3.1926757998874696,-3.1926757998874696,NA,-2.0095942247498852
-3.795606169552168,-3.795606169552168,NA,-0.8711879113057744
-3.4405791550376856,-3.4405791550376856,NA,-0.60101849878179144
-5.7291556814438304,-5.7291556814438304,NA,-3.382713461618774
-7.5279777997553184,-7.5279777997553184,NA,-6.0079393185821816
-8.5509297356291392,-8.5509297356291392,NA,-7.718900542672056
-7.7081655140375632,-7.7081655140375632,NA,-8.2216548747925936
-7.354562935234696,-7.354562935234696,NA,-8.7181136598889424
-7.2778235050418256,-7.2778235050418256,NA,-6.8027612172937216
-6.6531973768280664,-6.6531973768280664,NA,-6.5918192801994336
-5.538014929520612,-5.538014929520612,NA,-5.5714888435983896
-6.2019465045180672,-6.2019465045180672,NA,-5.9791223207142992
-2.6696468434869252,-2.6696468434869252,NA,-3.4969819775696928
-2.2695237401510172,-2.2695237401510172,NA,-3.0461184892705068
-1.3114862376239764,-1.3114862376239764,NA,-3.2520215508488524
-1.212282185061085,-1.212282185061085,NA,-1.577905974417847
-2.2321081377696288,-2.2321081377696288,NA,-3.169853572955968
-2.3145970283501728,-2.3145970283501728,NA,-4.0822431630764152
-0.97341939000459536,-0.97341939000459536,NA,-4.7617802494471472
-1.7946001710733426,-1.7946001710733426,NA,-5.1940920758683176
-2.4625534271951128,-2.4625534271951128,NA,-3.869539214572468
-0.21612496040924484,-0.21612496040924484,NA,-0.94632195140806624
-0.96191146341532624,-0.96191146341532624,NA,-2.0743682984629636
-0.63517810242900488,-0.63517810242900488,NA,-1.7974611749478066
-0.60287116892785912,-0.60287116892785912,NA,-2.5386784255899972
-0.69918397613862296,-0.69918397613862296,NA,-2.2087152544852768
0.75421546710041792,0.75421546710041792,NA,-3.9390715107809048
1.4822153851686556,1.4822153851686556,NA,-2.1635403221391112
-1.8599890999724128,-1.8599890999724128,NA,-5.296601640989744
-0.1791992571055594,-0.1791992571055594,NA,-0.30104312837729276
-0.6814727823710168,-0.6814727823710168,NA,0.63096916091961752
0.43112620488620536,0.43112620488620536,NA,2.2478834248451204
0.90611486502297872,0.90611486502297872,NA,2.931423590851068
-0.57041070263039016,-0.57041070263039016,NA,3.3705811545916324
0.62521598826577552,0.62521598826577552,NA,4.5153295127215544
0.0040175123185923752,0.0040175123185923752,NA,3.104081615819912
-2.60654468885438,-2.60654468885438,NA,-0.20292170528572708
-5.430731763445848,-5.430731763445848,NA,-2.7009556078175492
-5.0066569899392296,-5.0066569899392296,NA,-6.2002370847054656
-4.5903337947028048,-4.5903337947028048,NA,-3.2174563283286496
-4.0176029172477376,-4.0176029172477376,NA,-3.3788679700936508
-3.9613035417466728,-3.9613035417466728,NA,-4.1090819851651368
0.45285230694429776,0.45285230694429776,NA,1.3418367894476972
0.852313665260508,0.852313665260508,NA,0.51666933651926384
-0.79943782158023184,-0.79943782158023184,NA,-0.96732406203844928
1.0965346562423406,1.0965346562423406,NA,0.25355551691029332
0.8181040748146328,0.8181040748146328,NA,0.36742476125805888
-0.83298412029789008,-0.83298412029789008,NA,0.60808066266039032
1.0949635630343014,1.0949635630343014,NA,3.8936371785189984
1.9653185959368716,1.9653185959368716,NA,4.04009092984124
0.85781649235510896,0.85781649235510896,NA,3.605498983712464
-2.6677895030802352,-2.6677895030802352,NA,-1.6883462160404244
-0.20157173443130984,-0.20157173443130984,NA,1.375984235675186
-4.3979887792535744,-4.3979887792535744,NA,-3.7762546384148688
-5.3655434760883744,-5.3655434760883744,NA,-7.2884827645196576
-6.3271335727795352,-6.3271335727795352,NA,-6.5405531930579352
-5.3759387940513016,-5.3759387940513016,NA,-3.3729204543987076
-5.8517057330850976,-5.8517057330850976,NA,-5.022242686441328
-4.8665284786784048,-4.8665284786784048,NA,-0.66824539825217984
-3.9029654799410568,-3.9029654799410568,NA,-0.06400966863928004
-3.7424426917106296,-3.7424426917106296,NA,0.88407647296518944
-2.8578773743873464,-2.8578773743873464,NA,0.15598949402049878
0.2185278198861626,0.2185278198861626,NA,0.82282471756225856
-2.0169684439275412,-2.0169684439275412,NA,-1.4098201508973194
-2.5780219349896116,-2.5780219349896116,NA,0.27421144116711816
-0.60565452612740256,-0.60565452612740256,NA,0.88181671559374736
-1.968005415714296,-1.968005415714296,NA,0.07659187973906456
1.19706913026402,1.19706913026402,NA,1.5559925559207872
1.8918705797746852,1.8918705797746852,NA,4.6368179622662272
2.2942728625782668,2.2942728625782668,NA,6.0869610486998432
1.2542549363816762,1.2542549363816762,NA,4.772922303404228
2.8893260801425408,2.8893260801425408,NA,7.0770794062881384
4.3624099218236408,4.3624099218236408,NA,9.126595280838832
3.823989984018372,3.823989984018372,NA,9.0975487103203872
4.9373775462723696,4.9373775462723696,NA,9.046001487616536
6.4933734200713464,6.4933734200713464,NA,10.319727062375208
3.3785448680890708,3.3785448680890708,NA,7.0649886548595896
4.082416658992604,4.082416658992604,NA,5.9269663982727552
4.9185765384781072,4.9185765384781072,NA,4.6536931396397104
1.2228532930194358,1.2228532930194358,NA,2.015443196029048
1.143984692461642,1.143984692461642,NA,1.9791070097274716
1.27136217256288,1.27136217256288,NA,2.2382713234686868
1.616712464006734,1.616712464006734,NA,1.7150176771220522
-0.726425868101164,-0.726425868101164,NA,-0.15766209464872328
0.6935051208375336,0.6935051208375336,NA,1.9150129793738496
-0.1229313796519692,-0.1229313796519692,NA,0.5942592268768112
0.75324878817007888,0.75324878817007888,NA,1.08888730675217
-0.15481310629608606,-0.15481310629608606,NA,-0.3830732807457576
1.948511025852886,1.948511025852886,NA,0.054902961093136752
2.7586835542735288,2.7586835542735288,NA,0.58689253881408576
4.153947162913484,4.153947162913484,NA,2.3019260361544332
0.58024544825772752,0.58024544825772752,NA,-0.22147334451437084
0.22069550384296188,0.22069550384296188,NA,-0.9604281498249984
2.907327422499158,2.907327422499158,NA,3.6863165619745296
2.0451010011551016,2.0451010011551016,NA,0.24030833763382596
0.8684449178431232,0.8684449178431232,NA,-0.584008716008196
-0.8070226522571496,-0.8070226522571496,NA,-2.8166735576681904
-1.494153068730085,-1.494153068730085,NA,-5.782533953437264
-3.6949895163630048,-3.6949895163630048,NA,-9.1447881992113056
-2.3209458930190984,-2.3209458930190984,NA,-9.4506495169911088
-2.0443258247965836,-2.0443258247965836,NA,-7.6335968666205328
-1.3984087706925478,-1.3984087706925478,NA,-7.7364648330505664
-1.8115481356727048,-1.8115481356727048,NA,-7.6575806364749744
-1.1831286174449724,-1.1831286174449724,NA,-7.3191276706547888
-2.9281646925298608,-2.9281646925298608,NA,-7.8936568735471136
-2.5736930774013448,-2.5736930774013448,NA,-6.8600151924813616
0.44475901138218536,0.44475901138218536,NA,-4.8908106716563288
1.2034588695247998,1.2034588695247998,NA,0.62750983053764384
0.73744706653954688,0.73744706653954688,NA,0.40057099033950936
1.88682015461728,1.88682015461728,NA,2.4366270446486576
1.1710196363759004,1.1710196363759004,NA,0.04036396790089336
1.4099932717287902,1.4099932717287902,NA,-0.07248017184060104
0.33600879146200068,0.33600879146200068,NA,-3.5771519085045516
-0.56254698931514448,-0.56254698931514448,NA,-4.3764831889415216
-0.051721076968580968,-0.051721076968580968,NA,-3.3917284866143192
0.72971108268861504,0.72971108268861504,NA,-1.353341385221662
0.99157830629495248,0.99157830629495248,NA,0.83696210482337616
1.2261507780211636,1.2261507780211636,NA,1.3818522867931766
2.6835170601208148,2.6835170601208148,NA,-0.4070872006570632
-0.9775586247892128,-0.9775586247892128,NA,-5.6624800237755528
-3.0666131577648264,-3.0666131577648264,NA,-4.5093513932201808
0.059621516149063416,0.059621516149063416,NA,-1.1660953846082936
1.8132181742847508,1.8132181742847508,NA,-0.23451920729009236
0.9981431664846176,0.9981431664846176,NA,0.11158615652224028
-0.46644041287028304,-0.46644041287028304,NA,-2.6718472956939424
-0.35161281179229764,-0.35161281179229764,NA,-6.3233104535990472
-1.147005555939789,-1.147005555939789,NA,-6.6156656764315728
-3.461180610167922,-3.461180610167922,NA,-9.1135415384543328
-4.1402295605160336,-4.1402295605160336,NA,-12.355430770315492
-5.7229543471368328,-5.7229543471368328,NA,-15.832654198656052
-4.8826432027023792,-4.8826432027023792,NA,-13.716249721925544
-4.6321994445295072,-4.6321994445295072,NA,-10.525307816659864
-5.6817118197886248,-5.6817118197886248,NA,-12.234225475757772
-4.598659892161992,-4.598659892161992,NA,-11.132674808134254
-4.0516071650972008,-4.0516071650972008,NA,-9.5006873444587296
-1.4796748637021918,-1.4796748637021918,NA,-3.7401479871019728
0.50979252549261944,0.50979252549261944,NA,-3.838948311906908
0.46250598757105336,0.46250598757105336,NA,-3.3330962721704
2.2316851016372344,2.2316851016372344,NA,-2.6406884238224412
0.88075535467731616,0.88075535467731616,NA,-5.0335623517941824
-0.070583768463829968,-0.070583768463829968,NA,-2.303207186397186
0.6606429268165284,0.6606429268165284,NA,-0.90406562030817168
0.86593534638408352,0.86593534638408352,NA,-0.4085944373953748
2.5263815756324632,2.5263815756324632,NA,3.4917265726663896
1.1512461599216436,1.1512461599216436,NA,2.598688587647742
0.45877306203962008,0.45877306203962008,NA,2.7590530614609476
0.32752385833818996,0.32752385833818996,NA,1.9986254294352972
0.96507424465147312,0.96507424465147312,NA,1.691038266068438
1.2981903681298766,1.2981903681298766,NA,0.053929431105442568
0.578343168418726,0.578343168418726,NA,1.6043261855256634
-0.581403495901474,-0.581403495901474,NA,1.984530756454628
-3.600530877245884,-3.600530877245884,NA,-0.007112932698728036
-3.025809872596338,-3.025809872596338,NA,0.5456010956950316
-1.922909600286546,-1.922909600286546,NA,0.53330432673364488
-2.5700038610305344,-2.5700038610305344,NA,-2.1662330463711212
0.06895230001078656,0.06895230001078656,NA,-3.9171968617241416
3.2138279739633068,3.2138279739633068,NA,0.56709479004459104
1.7578983690168902,1.7578983690168902,NA,0.97973552440629328
0.17539809802838024,0.17539809802838024,NA,-3.7868388346485792
-0.41093525999250312,-0.41093525999250312,NA,-2.6009205712848516
-0.34227560605513464,-0.34227560605513464,NA,-1.6649656056306928
0.029078187879923556,0.029078187879923556,NA,-2.9420331616971232
1.0240762004911776,1.0240762004911776,NA,-0.17632276153247162
1.589788263402462,1.589788263402462,NA,-0.147125927043498
1.6347139241725702,1.6347139241725702,NA,1.9552998533773248
-0.17739931729686404,-0.17739931729686404,NA,-1.353619811106017
-3.1957063184187328,-3.1957063184187328,NA,-4.305365721545664
-1.9525322358469556,-1.9525322358469556,NA,-1.977216189851574
-1.9229449092882324,-1.9229449092882324,NA,-1.073308415748388
-2.9694490174739812,-2.9694490174739812,NA,-0.81291698520984032
-4.0213405463116408,-4.0213405463116408,NA,-1.8968948943843396
-5.0002016687809424,-5.0002016687809424,NA,-2.3410092049676332
-3.735145614194024,-3.735145614194024,NA,-0.4546742663646128
-3.3922247302795892,-3.3922247302795892,NA,-1.8311552144148576
-0.42578445772471016,-0.42578445772471016,NA,-0.047264891413871136
1.8414049411296016,1.8414049411296016,NA,1.0296755216722204
1.6366870598415236,1.6366870598415236,NA,2.0651389876919452
1.9290692259581768,1.9290692259581768,NA,2.5924080943499872
2.5532230640639968,2.5532230640639968,NA,1.9013498829944216
1.066537204809062,1.066537204809062,NA,0.54966526613633928
1.065627815737299,1.065627815737299,NA,1.8598875719547848
-0.89143084027055808,-0.89143084027055808,NA,-1.9201543955758476
-0.78678117929517616,-0.78678117929517616,NA,1.2488589920297668
1.6113090566197372,1.6113090566197372,NA,1.9243016406239008
3.0379497351602984,3.0379497351602984,NA,3.1461465286620312
3.592026693643066,3.592026693643066,NA,4.546552653342572
6.051762653520716,6.051762653520716,NA,5.9876043488364176
5.2752047610721248,5.2752047610721248,NA,5.8420609543642888
3.3391999074064188,3.3391999074064188,NA,5.3725580008849664
0.54093164195455248,0.54093164195455248,NA,2.8893049543706552
0.42126929633632008,0.42126929633632008,NA,4.0551428906819776
-0.30824057961621,-0.30824057961621,NA,2.2095932839890456
-0.22634440499795728,-0.22634440499795728,NA,2.4097353662887036
2.6894739156205124,2.6894739156205124,NA,6.0232496729369912
1.0792532778729826,1.0792532778729826,NA,4.422152038021612
-3.2029512277848012,-3.2029512277848012,NA,-2.04551415415124
-4.9271854356701352,-4.9271854356701352,NA,-3.6773255553388944
-3.036801931793062,-3.036801931793062,NA,-2.6492615447176332
-3.5598755360543984,-3.5598755360543984,NA,-2.1543744818290696
-3.698941260042432,-3.698941260042432,NA,-2.2810758895159592
-4.2467041783499456,-4.2467041783499456,NA,-3.5810433567548756
-4.9498989175326832,-4.9498989175326832,NA,-8.316700380961032
-2.0345946356383776,-2.0345946356383776,NA,-5.149323927547872
-0.96124388065359232,-0.96124388065359232,NA,-4.534963549296584
-2.9947326224195308,-2.9947326224195308,NA,-4.6416804333001752
-5.6523808050776392,-5.6523808050776392,NA,-8.0389159645396256
-3.1003983840326688,-3.1003983840326688,NA,-5.993959599226612
-1.365517306381236,-1.365517306381236,NA,-2.0978818510446896
-1.4929291655271752,-1.4929291655271752,NA,-0.75215935813252144
-4.0030058613783656,-4.0030058613783656,NA,-2.0874880225877456
-3.5974057057305596,-3.5974057057305596,NA,-4.162939017132536
-2.5021058445180272,-2.5021058445180272,NA,-5.1712415971364344
-2.8900645044564572,-2.8900645044564572,NA,-6.4675233369039304
-3.3622397402475472,-3.3622397402475472,NA,-7.6835462484889168
-0.98574488177799808,-0.98574488177799808,NA,-5.0192260997643208
-1.0610232642179144,-1.0610232642179144,NA,-4.4894096621602752
-3.3847335545060016,-3.3847335545060016,NA,-4.105429764631196
-3.6200798462739864,-3.6200798462739864,NA,-6.3506807308125592
-1.2002169021605714,-1.2002169021605714,NA,-4.0066531258123464
-2.331600829615542,-2.331600829615542,NA,-5.2266296949788152
-3.7873967414071616,-3.7873967414071616,NA,-5.0467175175915672
-5.2088262926442328,-5.2088262926442328,NA,-6.1855069867728888
-6.139761508047368,-6.139761508047368,NA,-6.4233431008961664
-7.3494140107187632,-7.3494140107187632,NA,-8.7606495094723312
-5.6314919693870032,-5.6314919693870032,NA,-8.5573208301953072
-7.3741488084281312,-7.3741488084281312,NA,-10.777089678620684
-4.868115483415304,-4.868115483415304,NA,-9.4623519119918832
-5.2857281564841632,-5.2857281564841632,NA,-9.5651581716995568
-3.3891296312259304,-3.3891296312259304,NA,-6.5227889552678688
-3.4180184510086128,-3.4180184510086128,NA,-7.1771529992849576
-2.2166634618739268,-2.2166634618739268,NA,-4.3208668390833616
-3.7352061546467176,-3.7352061546467176,NA,-4.7196614902867208
-1.3881190905301086,-1.3881190905301086,NA,-3.4184181191652396
1.4930852608577058,1.4930852608577058,NA,-0.0071390578984207312
-0.1404536570998941,-0.1404536570998941,NA,-0.69643019370337008
1.0225101914382854,1.0225101914382854,NA,0.21906598931537004
1.2029303372468196,1.2029303372468196,NA,-0.052332991520471192
1.402718952638455,1.402718952638455,NA,0.94359960770281376
0.25368216842245132,0.25368216842245132,NA,0.71032116906301392
-0.41960920668465904,-0.41960920668465904,NA,0.34850212612074304
-1.3488518083147398,-1.3488518083147398,NA,-0.77498708111797264
-0.165065010497495,-0.165065010497495,NA,1.8205396823828152
-0.1169766278255564,-0.1169766278255564,NA,2.6023419037935852
0.62481678948843352,0.62481678948843352,NA,4.2028982427980656
0.95648674511157424,0.95648674511157424,NA,4.2565745387326696
1.2322641685613216,1.2322641685613216,NA,4.1850040434984488
3.3680423411013704,3.3680423411013704,NA,5.2903320770491712
3.6883668510807504,3.6883668510807504,NA,6.9751324114576968
3.07976114277296,3.07976114277296,NA,9.1277943510907648
3.6195852183098344,3.6195852183098344,NA,7.9716293591070992
-0.71969186630404344,-0.71969186630404344,NA,2.2534791402824484
0.70195478997382208,0.70195478997382208,NA,2.705315192627818
-0.0090474494895471664,-0.0090474494895471664,NA,2.1671363580368788
-1.1505907228439862,-1.1505907228439862,NA,1.3346952291193198
0.511322731897626,0.511322731897626,NA,1.676070248955255
-0.79889459427276336,-0.79889459427276336,NA,0.39911471485657056
-1.067110586030785,-1.067110586030785,NA,-1.8623688339153004
-0.82535132270825648,-0.82535132270825648,NA,-1.5194008189895026
1.4434755254067638,1.4434755254067638,NA,0.010272817570836868
0.88828776966198592,0.88828776966198592,NA,0.89535047793393856
1.1910307449936548,1.1910307449936548,NA,0.99483323372635792
4.093547398792856,4.093547398792856,NA,3.1424682577937584
4.9868567590706008,4.9868567590706008,NA,3.1719949768865436
3.1323075059436172,3.1323075059436172,NA,0.51458161768720512
1.6466895652130998,1.6466895652130998,NA,1.1837339337548232
-0.0063580099755362608,-0.0063580099755362608,NA,-1.5680652126871402
-1.3502344986670516,-1.3502344986670516,NA,-1.7237815648246016
0.8000977273919984,0.8000977273919984,NA,1.4451398593107166
0.020265487179593088,0.020265487179593088,NA,2.5202273742180408
-0.6860125918278088,-0.6860125918278088,NA,2.547552707034738
0.61864491808794008,0.61864491808794008,NA,4.1356148836114744
1.2902266466091608,1.2902266466091608,NA,4.2651857755840704
0.9816072010859976,0.9816072010859976,NA,3.062037550581194
2.4724304274396376,2.4724304274396376,NA,4.1417921884284112
3.4433448567027548,3.4433448567027548,NA,4.0719154344920096
1.158910646332606,1.158910646332606,NA,-1.6919614553053388
0.54801335421810208,0.54801335421810208,NA,-1.727094434150362
-0.92775261360947952,-0.92775261360947952,NA,-1.8121333816873592
-0.086535749365844176,-0.086535749365844176,NA,-0.46279296114085608
-0.9406732189033768,-0.9406732189033768,NA,-0.62346248239394408
-1.0133687471681698,-1.0133687471681698,NA,-0.9787350385369872
-2.4082167642051412,-2.4082167642051412,NA,-1.3775313181206168
-3.31692788178635,-3.31692788178635,NA,-2.009362891288684
-2.4259225160378048,-2.4259225160378048,NA,-2.3134392784017264
-1.4133248430980232,-1.4133248430980232,NA,-2.0523697281157748
-0.42863730646384304,-0.42863730646384304,NA,-0.38958964644245728
-3.9212529556472576,-3.9212529556472576,NA,-2.9904795037775464
-4.700117765233564,-4.700117765233564,NA,-3.9877174886538408
-2.885042770412328,-2.885042770412328,NA,-1.5837652565474772
-5.0052111450193512,-5.0052111450193512,NA,-6.124193512473828
-5.1892630435140632,-5.1892630435140632,NA,-5.5433658459924792
-5.1804446462282192,-5.1804446462282192,NA,-5.722091962571544
-2.9225067773808224,-2.9225067773808224,NA,-1.5917267660207402
-1.2345551350227006,-1.2345551350227006,NA,-0.035342309729045508
0.3630407994785256,0.3630407994785256,NA,2.9926486838408848
-1.1106000563389608,-1.1106000563389608,NA,2.6654162246995128
-1.8645272580733716,-1.8645272580733716,NA,2.0589086671606308
2.206004640588036,2.206004640588036,NA,3.3802061553949528
2.580456413437858,2.580456413437858,NA,3.6452846919383264
2.4685509377596124,2.4685509377596124,NA,1.4166732897735302
2.7985018688666784,2.7985018688666784,NA,0.76878829063276384
1.104036035277665,1.104036035277665,NA,0.91926562871611824
-1.4378784246918596,-1.4378784246918596,NA,-1.206255529924082
-0.59582047744849184,-0.59582047744849184,NA,-0.31879902732644816
-1.0191911279776156,-1.0191911279776156,NA,-1.3792770337823508
-2.1146062844944784,-2.1146062844944784,NA,-5.3289125035148232
-1.8117705463669692,-1.8117705463669692,NA,-3.2922741775773408
-2.928901639483528,-2.928901639483528,NA,-1.6017447941474052
-3.7579635085836144,-3.7579635085836144,NA,-3.489702615672636
-2.9518822481790984,-2.9518822481790984,NA,-0.5685142764520004
-5.035997995764404,-5.035997995764404,NA,-5.3839319712566104
-2.3428471082815728,-2.3428471082815728,NA,0.26180694459424368
-2.5902915843831312,-2.5902915843831312,NA,1.1914157163421966
-0.81330643991740144,-0.81330643991740144,NA,3.0216002222077016
-1.09943433224243,-1.09943433224243,NA,2.1219257016808708
1.195323837330828,1.195323837330828,NA,3.5905333586149152
1.3828967100543806,1.3828967100543806,NA,-0.27968881168878924
2.5037018440042172,2.5037018440042172,NA,2.2638924786002868
3.5517247262579428,3.5517247262579428,NA,1.73135008003824
0.66079259462291064,0.66079259462291064,NA,-1.700702595097001
-1.7978402058400664,-1.7978402058400664,NA,-4.3155707169109904
-2.7701202523853264,-2.7701202523853264,NA,-3.9331271384093168
-3.4825886139947504,-3.4825886139947504,NA,-3.8566554790790616
-3.9842503272905232,-3.9842503272905232,NA,-2.8328763622230312
-2.4705940026435176,-2.4705940026435176,NA,-1.1579852846596634
-2.9700764129273736,-2.9700764129273736,NA,-1.495489362981249
-2.3459381002232396,-2.3459381002232396,NA,-2.718487623229964
-3.7429256022875192,-3.7429256022875192,NA,-3.849462557962904
-4.2563021281738896,-4.2563021281738896,NA,-5.9358455232466232
-3.8677565636231144,-3.8677565636231144,NA,-4.0966041256944592
-2.3372989728693384,-2.3372989728693384,NA,-2.7880536285897436
-0.98548983784903872,-0.98548983784903872,NA,-1.7382141318279794
-1.2722594522000974,-1.2722594522000974,NA,-1.2012265552906174
-2.4835454584353248,-2.4835454584353248,NA,-3.5727845459991604
-0.7838582669101856,-0.7838582669101856,NA,-2.057916935219824
-0.65700577970105088,-0.65700577970105088,NA,-3.6857042337063704
-0.55329189590311408,-0.55329189590311408,NA,-5.225576556237
-0.85586112366082864,-0.85586112366082864,NA,-6.18355838958396
-2.2180833846551768,-2.2180833846551768,NA,-6.5378577568185016
-0.85861414678375248,-0.85861414678375248,NA,-3.8212601930093592
-0.96639353893954464,-0.96639353893954464,NA,-6.2676397278092824
-1.6134736634724136,-1.6134736634724136,NA,-7.1142143832994976
-0.62123752045757288,-0.62123752045757288,NA,-5.7661748782952832
1.7446415225422674,1.7446415225422674,NA,-0.89386406297978656
-0.31696836364967728,-0.31696836364967728,NA,-1.637950658926045
-0.93145541722639184,-0.93145541722639184,NA,-4.4091849382034208
-2.2708052316177492,-2.2708052316177492,NA,-4.4807975775503056
-1.1711083281924108,-1.1711083281924108,NA,-3.5965926929426784
-3.9139079951166624,-3.9139079951166624,NA,-6.0854438871908648
-5.2395872007805408,-5.2395872007805408,NA,-6.6318547536132824
-4.131373760124348,-4.131373760124348,NA,-5.1395251985208904
-4.1963395801981224,-4.1963395801981224,NA,-4.984932130099288
-1.768792515422229,-1.768792515422229,NA,-1.3077946654919752
-1.8511645928196744,-1.8511645928196744,NA,-2.06866837463008
-2.1940973671282056,-2.1940973671282056,NA,-2.9397587199522324
-0.57639426170611888,-0.57639426170611888,NA,-1.1311702362095752
-0.010890697707120756,-0.010890697707120756,NA,-0.82583546804609264
0.36283565054413272,0.36283565054413272,NA,1.7110095144580626
0.2313556047941938,0.2313556047941938,NA,3.2642128871088652
0.13748474254565312,0.13748474254565312,NA,3.2982497333888672
-0.23846872873068948,-0.23846872873068948,NA,2.9284922101866024
1.1436430731144988,1.1436430731144988,NA,1.990234986003606
2.0969341129270624,2.0969341129270624,NA,4.475214025035472
1.2117828541655676,1.2117828541655676,NA,1.0532854921529666
0.76899116051922672,0.76899116051922672,NA,-1.3005220071131072
-0.18491758890025168,-0.18491758890025168,NA,-3.0672759555714528
3.126162566225072,3.126162566225072,NA,4.1216318710494544
1.2622507100280344,1.2622507100280344,NA,2.7987337370480656
-0.043981181978717504,-0.043981181978717504,NA,0.25608610976916336
-0.6560692482422236,-0.6560692482422236,NA,-3.02528449905532
-1.1442231353970724,-1.1442231353970724,NA,0.81717263841760032
-1.36945033223942,-1.36945033223942,NA,0.30840484720740336
-2.6616375115440192,-2.6616375115440192,NA,1.0192835858903702
-2.9407075370442672,-2.9407075370442672,NA,-0.077556614270004272
-1.5796073494682588,-1.5796073494682588,NA,1.3905811112272954
-3.7854736820238984,-3.7854736820238984,NA,-0.6761498611227104
-3.0127303495544596,-3.0127303495544596,NA,-0.043178132485267584
-1.2054466008616124,-1.2054466008616124,NA,2.9586035890577888
-2.458884028829692,-2.458884028829692,NA,3.0104672575433836
-2.2847790963223672,-2.2847790963223672,NA,2.2512046953996992
-0.84888057309511504,-0.84888057309511504,NA,1.7557145022201836
0.45479831812375392,0.45479831812375392,NA,2.5385874881177964
0.0014830377768739744,0.0014830377768739744,NA,3.1126841655939764
-0.46405797902630664,-0.46405797902630664,NA,2.5836562808344184
-4.9488026888919888,-4.9488026888919888,NA,0.80858897943420624
-3.0903594586856376,-3.0903594586856376,NA,1.2391776351265508
-4.0722330591917176,-4.0722330591917176,NA,-0.71696767013100928
-4.799860188007716,-4.799860188007716,NA,0.36993081114383456
-3.9263503293862,-3.9263503293862,NA,1.275775781570333
-2.8403991862688252,-2.8403991862688252,NA,2.9266263222174488
-2.4530573920079356,-2.4530573920079356,NA,4.1078422931154128
-0.79570785455837536,-0.79570785455837536,NA,5.3093425731266264
-0.23764517224673476,-0.23764517224673476,NA,5.1321968642136856
-0.084629537732941344,-0.084629537732941344,NA,3.7637369663589016
0.17108447663305882,0.17108447663305882,NA,6.0525654041122208
2.8135618964924328,2.8135618964924328,NA,8.3844244458675952
1.4550968861855776,1.4550968861855776,NA,7.3954836787047504
3.0087177218224256,3.0087177218224256,NA,8.8024135667413168
5.9960013948567808,5.9960013948567808,NA,13.539027552583614
4.1947735020808016,4.1947735020808016,NA,10.226278777423784
5.2026468418091448,5.2026468418091448,NA,9.1549216788455536
5.0339341459393648,5.0339341459393648,NA,8.796319488301352
4.6301052614792624,4.6301052614792624,NA,9.428294076184384
4.0248769965413536,4.0248769965413536,NA,8.0177564995535008
2.819433690286524,2.819433690286524,NA,5.8934342530984728
1.8791013439492256,1.8791013439492256,NA,6.3344259586317016
1.8288562943987432,1.8288562943987432,NA,5.4694396522412056
2.6457414058503936,2.6457414058503936,NA,5.1804325533324296
0.00050679237453432616,0.00050679237453432616,NA,1.6360655687767638
0.19834988565014332,0.19834988565014332,NA,3.4269634054517012
-1.4191107314765774,-1.4191107314765774,NA,1.5667240119919638
0.90378494050211296,0.90378494050211296,NA,4.5495035603978048
-0.18128297118696692,-0.18128297118696692,NA,1.2732404194362528
0.56181875214861288,0.56181875214861288,NA,0.98337782319748496
-0.6153645007127072,-0.6153645007127072,NA,-2.2729413288375516
1.0090846761558312,1.0090846761558312,NA,-0.38428254056363184
1.3149835245493926,1.3149835245493926,NA,-0.56197180141648592
0.94855157094517984,0.94855157094517984,NA,-0.44808258891870632
-0.26189970299942988,-0.26189970299942988,NA,-0.68693056214862016
-0.56502452456718232,-0.56502452456718232,NA,0.31417624759132424
-0.57692442734336072,-0.57692442734336072,NA,-1.3116382200845878
1.3790375294554002,1.3790375294554002,NA,-0.44393477213126664
1.5514943457382722,1.5514943457382722,NA,2.0375161669129676
3.6804062103254152,3.6804062103254152,NA,3.5853149475868172
3.6577439418330136,3.6577439418330136,NA,4.5769550778864392
1.1386167464056026,1.1386167464056026,NA,1.7177212072549914
1.6870814972288392,1.6870814972288392,NA,3.7394757825081176
1.914013552424714,1.914013552424714,NA,3.5079929912823596
1.7437207197756568,1.7437207197756568,NA,0.76699174550590048
0.42335097490029784,0.42335097490029784,NA,-0.82483079610713312
-2.6469549504317552,-2.6469549504317552,NA,-3.0165075312718136
-0.36342471739063088,-0.36342471739063088,NA,-1.3101120774289358
-2.687738525228794,-2.687738525228794,NA,-1.556555749276629
0.10553208892218902,0.10553208892218902,NA,0.86710948545867184
-1.4054709481390392,-1.4054709481390392,NA,-1.9069611400772396
-1.5299303355406076,-1.5299303355406076,NA,-3.3579246132222044
0.33617191620661748,0.33617191620661748,NA,-1.1842291771183446
0.3195964755800288,0.3195964755800288,NA,-0.7319406626492712
-2.5962859825138816,-2.5962859825138816,NA,-5.1529299992282448
-1.3142173123131932,-1.3142173123131932,NA,-2.7926262947879392
-2.3409697281837812,-2.3409697281837812,NA,-1.780402253187372
-0.56868484249921304,-0.56868484249921304,NA,-2.3675959481469828
-0.37183444003922128,-0.37183444003922128,NA,-3.5918194782665212
-3.0675323895888424,-3.0675323895888424,NA,-7.5974661424678656
-5.1699998367471104,-5.1699998367471104,NA,-9.1727532477205184
-4.3390519002947696,-4.3390519002947696,NA,-7.0599622548431784
-6.3975148045216336,-6.3975148045216336,NA,-8.03380188579996
-7.5303318464342336,-7.5303318464342336,NA,-8.6493729280256912
-5.6780656265741528,-5.6780656265741528,NA,-7.8515654416859728
-6.3098214863417584,-6.3098214863417584,NA,-6.2682409230960864
-6.6218901252880312,-6.6218901252880312,NA,-6.1161242199688744
-5.3422948949764224,-5.3422948949764224,NA,-5.0292200117202768
-6.2294997877858512,-6.2294997877858512,NA,-6.0037765300383848
-5.8810321157579272,-5.8810321157579272,NA,-4.330081350910944
-6.3410541037929048,-6.3410541037929048,NA,-6.5190681756056552
-5.0170582616288128,-5.0170582616288128,NA,-6.4067921816829376
-4.7131597266115872,-4.7131597266115872,NA,-6.3189778388956472
-2.2470272401438984,-2.2470272401438984,NA,-3.6159547407693384
-2.8058882375665828,-2.8058882375665828,NA,-3.5682454582730088
-4.0213610111915832,-4.0213610111915832,NA,-5.5755632034473968
-3.305119168616616,-3.305119168616616,NA,-5.3235769898450592
-7.2082845582610688,-7.2082845582610688,NA,-7.9517128049439216
-5.7605014086661976,-5.7605014086661976,NA,-4.0245240461454576
-4.5527803644972592,-4.5527803644972592,NA,-2.63543686698194
-3.6672841037542464,-3.6672841037542464,NA,-1.7057672477809894
-6.5731403095915048,-6.5731403095915048,NA,-7.7273642744963712
-6.6882222235178152,-6.6882222235178152,NA,-5.2844596336900136
-3.39542568970609,-3.39542568970609,NA,-3.7004001271972584
-1.2436163271130944,-1.2436163271130944,NA,-4.6068867980762712
0.079181480571281152,0.079181480571281152,NA,-1.8667634170031272
-0.63401162736833024,-0.63401162736833024,NA,-2.3018391937989456
-0.85815559933570896,-0.85815559933570896,NA,-1.3685842202422976
0.073798405251251808,0.073798405251251808,NA,-0.90827129404912624
-0.36459750871566048,-0.36459750871566048,NA,-0.6225698714569444
-0.42294310494998512,-0.42294310494998512,NA,-1.1565949887766264
-1.02950778622033,-1.02950778622033,NA,-3.6863212021576688
-1.4296845465105954,-1.4296845465105954,NA,-3.8034986022217816
-0.8088346864484368,-0.8088346864484368,NA,-1.544330126718883
-0.043836628195601968,-0.043836628195601968,NA,1.6254090813916468
-2.9234731128078648,-2.9234731128078648,NA,-0.9933662551207456
-1.927214036165982,-1.927214036165982,NA,-0.62745391278676112
-3.6867830534790016,-3.6867830534790016,NA,-1.1362658276476348
-0.99726375267860272,-0.99726375267860272,NA,0.20419885419800464
-2.1397405753394404,-2.1397405753394404,NA,-3.4617088856998956
-2.5047925496318376,-2.5047925496318376,NA,-6.6087043830017224
-1.1139683364737128,-1.1139683364737128,NA,-5.8869502900614064
-3.779558521024776,-3.779558521024776,NA,-8.9244004174083184
-2.5497636656559692,-2.5497636656559692,NA,-7.3443492132343776
-3.3175722336417016,-3.3175722336417016,NA,-6.8103985083861008
-2.8367499395673392,-2.8367499395673392,NA,-6.380548986660492
-1.0056209895186394,-1.0056209895186394,NA,-7.41082789812476
-3.0783443593504684,-3.0783443593504684,NA,-9.4307240803297104
-3.6020550371541464,-3.6020550371541464,NA,-7.683882897001144
-0.93442689090260592,-0.93442689090260592,NA,-2.2919752319839448
-1.486346869787201,-1.486346869787201,NA,-2.7650589767518328
-3.6941611382157936,-3.6941611382157936,NA,-5.6046855720274696
-4.005667189833796,-4.005667189833796,NA,-4.2329705219116544
-3.1431624633098316,-3.1431624633098316,NA,-3.0323512859514348
-4.4660789789532928,-4.4660789789532928,NA,-1.8974208797258272
-2.9422596220362624,-2.9422596220362624,NA,-1.6550312494394386
-1.8079491967728784,-1.8079491967728784,NA,-1.5798691353397926
-1.6525566252770986,-1.6525566252770986,NA,-0.11347013763467472
-2.0261372792255828,-2.0261372792255828,NA,-0.46626941971548744
-0.80664781216688384,-0.80664781216688384,NA,-1.1795359131463798
-0.17950995762976096,-0.17950995762976096,NA,0.44108737451763536
-0.40062511314825496,-0.40062511314825496,NA,0.49918616735983048
-0.17883330892114368,-0.17883330892114368,NA,1.5789862522154882
1.139950584422938,1.139950584422938,NA,3.2031462307784036
0.625044392138526,0.625044392138526,NA,3.0167544968748892
1.6989748387604604,1.6989748387604604,NA,2.2481147338066844
-0.25279397461045904,-0.25279397461045904,NA,2.8927427030495424
0.6935682996977568,0.6935682996977568,NA,3.7506937790996328
1.5335322271444918,1.5335322271444918,NA,3.9736326152719448
-0.50288113491614232,-0.50288113491614232,NA,1.9064834673537632
0.02818243396353104,0.02818243396353104,NA,4.2763987885126696
-1.5714452840999828,-1.5714452840999828,NA,3.0299792896979368
-2.057793493824034,-2.057793493824034,NA,3.5475513755073996
-0.6407362162833272,-0.6407362162833272,NA,5.6311608161050904
1.0056451883653966,1.0056451883653966,NA,7.4327433159638624
1.4938342659017376,1.4938342659017376,NA,5.0177161213227224
1.7503202426968386,1.7503202426968386,NA,1.329395922586916
3.4046776804701872,3.4046776804701872,NA,3.243644571617148
1.4436725080063276,1.4436725080063276,NA,1.1984049322904998
1.7206857291566664,1.7206857291566664,NA,0.20067882074903008
1.6610735219564622,1.6610735219564622,NA,1.2037970755797232
0.49571145381708112,0.49571145381708112,NA,1.6433306820254412
-1.3789433309879216,-1.3789433309879216,NA,-1.3788910618245826
-0.58301924439282856,-0.58301924439282856,NA,0.57619838891357088
-1.2242214600568256,-1.2242214600568256,NA,-0.56304295095448152
0.12536313376683994,0.12536313376683994,NA,-2.1886513243865452
0.03958828910740708,0.03958828910740708,NA,-4.0013820607865392
2.1477483462907844,2.1477483462907844,NA,-0.894183198408224
1.059753373918578,1.059753373918578,NA,-0.1508209535881495
0.49943681118336072,0.49943681118336072,NA,-0.46650751876320088
0.70939096274856152,0.70939096274856152,NA,0.56489378856104992
0.03861054525135188,0.03861054525135188,NA,2.479053404620728
0.88094713027665472,0.88094713027665472,NA,1.3452755104956128
1.371849380360549,1.371849380360549,NA,1.88598467306915
0.66619109259496344,0.66619109259496344,NA,1.584202003584442
0.24176019677890504,0.24176019677890504,NA,2.1407381860980316
-0.78523798645363328,-0.78523798645363328,NA,1.7044592579758168
-1.1639796385101822,-1.1639796385101822,NA,0.76109017237272608
-1.867156487799026,-1.867156487799026,NA,0.24105098582480444
-1.7054608934643612,-1.7054608934643612,NA,-0.27965956049690476
-0.84039450567787536,-0.84039450567787536,NA,1.113999054630544
-3.1623052361037392,-3.1623052361037392,NA,-0.71781201544242792
-3.2508179108874832,-3.2508179108874832,NA,-1.781685397526557
-4.7319324601399864,-4.7319324601399864,NA,-3.9384376506524656
-4.2116457979669592,-4.2116457979669592,NA,-6.5991456241299992
-3.8069837541584128,-3.8069837541584128,NA,-6.6183248224734768
-2.8933962552627412,-2.8933962552627412,NA,-5.5843486561038
-1.6662734123897934,-1.6662734123897934,NA,-6.0431219587349576
-3.2242068009665468,-3.2242068009665468,NA,-8.4986760613137936
-3.3295793022029608,-3.3295793022029608,NA,-6.601680478266532
-1.5234125562390476,-1.5234125562390476,NA,-4.9122981273083776
0.98213448266325616,0.98213448266325616,NA,-0.47145869179979808
1.249348206806378,1.249348206806378,NA,-2.0983675214246388
1.3297579367115136,1.3297579367115136,NA,-2.1096882746345624
1.7115569478465622,1.7115569478465622,NA,1.0448050073525476
0.67958851068077216,0.67958851068077216,NA,0.4313967875682756
0.10867629033014298,0.10867629033014298,NA,-0.8228178974113752
-0.41678853523077184,-0.41678853523077184,NA,-2.4012880742493672
-2.45543103956756,-2.45543103956756,NA,-2.6001740688070856
-1.5237047060399546,-1.5237047060399546,NA,0.58121206457744104
-4.5097741882917784,-4.5097741882917784,NA,-3.5814264127014804
-4.3454452604797192,-4.3454452604797192,NA,-1.6603818031278364
-4.7451368931494032,-4.7451368931494032,NA,-1.2597994994179708
-3.3371055876165892,-3.3371055876165892,NA,0.28514270158894272
-5.5315731356948008,-5.5315731356948008,NA,-1.9422447295016028
-5.2687612073656552,-5.2687612073656552,NA,-2.1302062583549604
-5.4262338326836872,-5.4262338326836872,NA,-3.6213741061439456
-3.6494344880518136,-3.6494344880518136,NA,-2.1185663852296076
-2.8357976888860744,-2.8357976888860744,NA,-1.240439671012829
-2.0625557293363104,-2.0625557293363104,NA,-1.2381960009497968
-0.41532989060513224,-0.41532989060513224,NA,0.3462476042595184
0.46853642535088144,0.46853642535088144,NA,0.87539137206422064
-0.7258135351163648,-0.7258135351163648,NA,-1.1894040079815468
-2.560506371121836,-2.560506371121836,NA,-2.878195610512504
-1.6607735447254318,-1.6607735447254318,NA,0.71357645226990128
-3.5397015045744288,-3.5397015045744288,NA,-1.1224833709224394
-3.0799199566762808,-3.0799199566762808,NA,-1.7267425066020024
-3.245498214191258,-3.245498214191258,NA,-0.24526459688177948
-2.1917538152628392,-2.1917538152628392,NA,-0.6990304122447172
-2.2752498090451044,-2.2752498090451044,NA,-2.611403654215054
-4.4500658823241576,-4.4500658823241576,NA,-2.14259806392814
-0.74658378602463296,-0.74658378602463296,NA,1.9281298542403112
0.30077707283154652,0.30077707283154652,NA,1.8535753009505268
0.5430926039202104,0.5430926039202104,NA,5.1502307681083008
0.961435550401812,0.961435550401812,NA,6.727480917657724
3.3523851895667844,3.3523851895667844,NA,7.5708389900828576
4.1770340447149384,4.1770340447149384,NA,10.696826451543836
6.1145659900539832,6.1145659900539832,NA,12.184296351151878
6.9757721386854952,6.9757721386854952,NA,12.206644601166934
6.0561757671353728,6.0561757671353728,NA,12.58520625842719
2.5361493011616168,2.5361493011616168,NA,7.485416655965832
3.6970137112884688,3.6970137112884688,NA,6.6009146903177728
4.65747915306388,4.65747915306388,NA,7.4838153205195328
5.1996204102207904,5.1996204102207904,NA,8.469523414444848
3.49811000733914,3.49811000733914,NA,7.0963349850275536
2.9514496049457452,2.9514496049457452,NA,6.2693901684257728
0.87724542274455344,0.87724542274455344,NA,4.8410423297417224
0.28024292712005084,0.28024292712005084,NA,6.934693089763596
1.1674613841425364,1.1674613841425364,NA,8.6320331251004624
1.7860662336973526,1.7860662336973526,NA,8.5065905559833712
-0.25080053539404368,-0.25080053539404368,NA,8.0258755110747952
-1.0016797979140924,-1.0016797979140924,NA,5.78996380064744
-0.38040310695616864,-0.38040310695616864,NA,6.4623453816082848
1.211367770074311,1.211367770074311,NA,8.635750051031448
4.7934508418034672,4.7934508418034672,NA,8.317803650232712
3.3984154153485488,3.3984154153485488,NA,7.2550331978768896
4.863621922280364,4.863621922280364,NA,7.9503031001257712
3.6282015352912672,3.6282015352912672,NA,5.481186460369492
3.348141598017306,3.348141598017306,NA,5.3720917870431952
1.8902125058371468,1.8902125058371468,NA,3.5695299445524348
3.2106076932365524,3.2106076932365524,NA,5.0771814385001424
2.7518961063429964,2.7518961063429964,NA,3.730392266348016
3.317494132443034,3.317494132443034,NA,0.53744921723356944
4.759899821627816,4.759899821627816,NA,2.313181979640946
5.6350864376597128,5.6350864376597128,NA,4.3870291414633976
5.3235782942109896,5.3235782942109896,NA,3.9848233436089224
4.2498149277715112,4.2498149277715112,NA,3.4617284039333032
1.8043520768130564,1.8043520768130564,NA,1.318409203350761
1.6170733061633656,1.6170733061633656,NA,0.71957242230718824
3.89401125265474,3.89401125265474,NA,2.3772439826000516
4.455667959599392,4.455667959599392,NA,4.8163097624627312
2.4146189409297632,2.4146189409297632,NA,3.1639064208381092
4.5796294076081216,4.5796294076081216,NA,2.7143058862322932
2.9247376396418412,2.9247376396418412,NA,2.2248762750317344
5.0381863922274456,5.0381863922274456,NA,7.8303552669345632
7.4365673772243632,7.4365673772243632,NA,6.2674360343776632
7.2709623442111936,7.2709623442111936,NA,7.0716063326987416
7.6061736974412816,7.6061736974412816,NA,7.3430556366404832
8.3497373287835792,8.3497373287835792,NA,7.4674439757523968
7.5071842934183104,7.5071842934183104,NA,4.5278647047233048
6.071734948013608,6.071734948013608,NA,2.6878976632521844
6.3248990515473832,6.3248990515473832,NA,3.726513244907124
4.2363975220865624,4.2363975220865624,NA,1.9411787924410836
4.2966742209567032,4.2966742209567032,NA,1.056392615078709
1.7687394377879764,1.7687394377879764,NA,-0.8274137020548912
0.1327304895557544,0.1327304895557544,NA,-3.1433259215878868
2.7918965729390524,2.7918965729390524,NA,0.52703754273346968
0.45762579785357152,0.45762579785357152,NA,0.88234868502233008
1.1301460035877358,1.1301460035877358,NA,1.5898190297527494
2.62279762050737,2.62279762050737,NA,4.6579292341989568
2.7389560940592164,2.7389560940592164,NA,4.5946588019394656
3.8811068326115648,3.8811068326115648,NA,6.4553452554647384
2.610703338394916,2.610703338394916,NA,5.5372945257683568
4.6880925845024904,4.6880925845024904,NA,7.8770018779077664
2.9241885439107484,2.9241885439107484,NA,4.8551137256357112
4.9424892385155256,4.9424892385155256,NA,7.1406283670314528
5.8959977349858936,5.8959977349858936,NA,7.6284774420767664
4.7005848245589776,4.7005848245589776,NA,3.8240051675421096
2.79977008291087,2.79977008291087,NA,2.7780158426528932
1.1962875035691412,1.1962875035691412,NA,2.4158968455007592
-0.17992037632530012,-0.17992037632530012,NA,3.1316345076667556
1.2506245055348892,1.2506245055348892,NA,2.8563220949515068
2.6847680241314468,2.6847680241314468,NA,3.1088682492761944
4.2065684624439912,4.2065684624439912,NA,1.053731793605494
4.4377399790203248,4.4377399790203248,NA,2.6418750162068452
4.0931914709863008,4.0931914709863008,NA,2.4070044393867672
3.6819107528328824,3.6819107528328824,NA,2.99915684504799
3.935978921242916,3.935978921242916,NA,2.9188212287472072
0.13396532249207138,0.13396532249207138,NA,-2.0267808088062444
-1.774166031575294,-1.774166031575294,NA,-4.1095200633958664
0.8890483199127168,0.8890483199127168,NA,0.56560973291092952
-1.2327438409428618,-1.2327438409428618,NA,-2.2730501538548772
0.00016295623000517346,0.00016295623000517346,NA,-1.3370078195849256
-0.40237601785770728,-0.40237601785770728,NA,-1.998064524772336
-2.2757651970975088,-2.2757651970975088,NA,-3.4323300691076128
-1.9979992621662516,-1.9979992621662516,NA,-2.323005954158618
-2.9379168456404016,-2.9379168456404016,NA,-1.2352663685853786
-4.2408900923674376,-4.2408900923674376,NA,-0.5038874610383688
-2.7515889483139732,-2.7515889483139732,NA,0.13093458181189538
-2.4010815450024812,-2.4010815450024812,NA,0.41890300485788736
-1.991162020664882,-1.991162020664882,NA,3.450793856030866
-2.1382744109246152,-2.1382744109246152,NA,4.170533441661972
-2.7056164906857668,-2.7056164906857668,NA,2.8749905995489164
-1.4536652066758318,-1.4536652066758318,NA,2.7861534555493452
-1.492091409778301,-1.492091409778301,NA,0.17255695596671572
-0.39735938110498344,-0.39735938110498344,NA,-0.43940602590238136
-1.4252652796138818,-1.4252652796138818,NA,0.58020720677529632
0.79583022731133152,0.79583022731133152,NA,6.283543117836584
2.232353099996712,2.232353099996712,NA,7.1245504645738528
4.1983927752488872,4.1983927752488872,NA,8.7005209454511008
4.4465158559799616,4.4465158559799616,NA,8.5927814992778592
2.4074380333734684,2.4074380333734684,NA,7.0308249112303296
0.46913856757707296,0.46913856757707296,NA,7.1014627858655792
2.8564044572949376,2.8564044572949376,NA,9.7481936300791936
3.1496532124435184,3.1496532124435184,NA,8.2449892376277792
2.1961443819884012,2.1961443819884012,NA,7.996268524911968
1.4579729790096068,1.4579729790096068,NA,4.9797476772845176
0.84545498828786256,0.84545498828786256,NA,2.0708275107760972
-0.37135227429384632,-0.37135227429384632,NA,1.7660772985976704
0.5064695592094208,0.5064695592094208,NA,3.6505204747316784
-0.6081510387771656,-0.6081510387771656,NA,0.44678364447384448
-0.83998178328623552,-0.83998178328623552,NA,0.10441616491381144
1.917143614485776,1.917143614485776,NA,3.3141452674006456
0.41764264418895088,0.41764264418895088,NA,2.8843300607987724
1.1501195190073774,1.1501195190073774,NA,4.8957829276793808
-1.181866793954498,-1.181866793954498,NA,3.0274761775946484
0.4915106946960068,0.4915106946960068,NA,3.4619550086374228
4.8052689328630312,4.8052689328630312,NA,7.3555361262822192
5.6218783032723024,5.6218783032723024,NA,5.2567467609819248
4.362265493262272,4.362265493262272,NA,3.9450398721600648
4.7578976659514344,4.7578976659514344,NA,3.4017295135181688
4.814640749480888,4.814640749480888,NA,4.7470091703593712
4.1873049734020072,4.1873049734020072,NA,5.6397261904655544
2.705321650296996,2.705321650296996,NA,6.5555232497459176
3.8679631221025968,3.8679631221025968,NA,8.0380203385701728
4.5776028776565336,4.5776028776565336,NA,8.5951610347083872
4.6239655808440384,4.6239655808440384,NA,6.76880997560314
2.9783725584034608,2.9783725584034608,NA,2.6682927757283392
4.6021426652219776,4.6021426652219776,NA,4.2950385500191032
4.0965910875319128,4.0965910875319128,NA,4.8432613725627336
3.1223357857522856,3.1223357857522856,NA,5.9921407528306344
2.7570095305511268,2.7570095305511268,NA,7.0292631130100048
4.6577648457976368,4.6577648457976368,NA,7.887125845512376
4.5242974020485624,4.5242974020485624,NA,10.626947811322814
5.6137854937076256,5.6137854937076256,NA,11.414463754744076
2.6098172727968976,2.6098172727968976,NA,9.0714270804038048
2.35970152931075,2.35970152931075,NA,7.1422858729171496
3.0076604818861692,3.0076604818861692,NA,6.4611775630100528
1.4544920910571486,1.4544920910571486,NA,3.2020470396244212
2.5804151480713724,2.5804151480713724,NA,8.3846008394685024
1.4176398650217196,1.4176398650217196,NA,6.0085644478600904
1.463516938613063,1.463516938613063,NA,5.4084846772289976
0.6880501685060256,0.6880501685060256,NA,6.3566149911399648
2.045491941177004,2.045491941177004,0.7720046,6.8848924740102328
1.883210442145108,1.883210442145108,1.9302830,3.4786172637964584
2.8630366922109392,2.8630366922109392,1.6867280,4.6122493225392592
3.5807264458482776,3.5807264458482776,2.5441470,3.671543650186596
3.5079447474268308,3.5079447474268308,3.1172700,4.216298745500232
4.0103851652787216,4.0103851652787216,3.0732640,7.6626316832869424
3.3211027877465148,3.3211027877465148,3.6042740,5.4233292737795704
2.9365860483051912,2.9365860483051912,2.9541820,6.0307768023734624
-1.0200682657009468,-1.0200682657009468,2.6516190,3.6263872910795272
-1.4202083378503554,-1.4202083378503554,-0.7427933,5.5181282752366304
-2.5282339424039608,-2.5282339424039608,-1.0247430,5.5172843847684776
-1.4961385617833534,-1.4961385617833534,-1.9667440,6.7844154525087392
2.246594703249456,2.246594703249456,-1.0615750,11.175550275681814
2.9855584331664104,2.9855584331664104,2.2361550,8.8745449776973856
3.6267404955138864,3.6267404955138864,2.7860590,9.5259062156400704
3.9683495033929192,3.9683495033929192,3.3485970,8.0919079945568496
3.9203518270437224,3.9203518270437224,3.5895320,4.4808942437714448
4.1921349193409368,4.1921349193409368,3.4326430,3.2197047975378992
2.2357429156404448,2.2357429156404448,3.6230770,4.1165583636806072
-0.05185370354713248,-0.05185370354713248,2.0058380,2.0297040628119812
-1.798780961823888,-1.798780961823888,0.0200214,-1.7053508617819336
-2.4620005757249224,-2.4620005757249224,-1.5626340,-2.2810792383396888
0.16759349931517752,0.16759349931517752,-2.1373980,-2.069346934012478
-2.1987728892233984,-2.1987728892233984,0.0753091,-3.3797220496142796
-2.912219807417534,-2.912219807417534,-1.9501500,-3.9634931331527472
-3.60998490431506,-3.60998490431506,-2.5669650,-2.7336903565070276
-3.881569958606416,-3.881569958606416,-3.1131370,-4.8422403300226392
-3.3459195865763908,-3.3459195865763908,-3.4079050,-7.9260882400146448
-3.7112482132455624,-3.7112482132455624,-3.0612770,-8.1882395020665088
-2.8078370976936388,-2.8078370976936388,-3.3774650,-5.6795668324064976
-2.7047079219663096,-2.7047079219663096,-2.5363300,-5.8930384979877768
-1.2183927814406512,-1.2183927814406512,-2.4575780,-3.8732875135793288
-1.6156369016917122,-1.6156369016917122,-1.1461000,-3.028103888586798
-1.9311758200301616,-1.9311758200301616,-1.4511250,-4.0447061733243072
-2.5618918063554468,-2.5618918063554468,-1.7487620,-2.8601824205128988
-3.1762435150207348,-3.1762435150207348,-2.2379030,-2.794710673028914
-2.1647771287964148,-2.1647771287964148,-2.7506200,-3.9120817764111096
-3.23569979379913,-3.23569979379913,-1.9400500,-4.1647965442211232
-2.5784766078200024,-2.5784766078200024,-2.8448290,-3.2414263875884828
-1.7845820539379766,-1.7845820539379766,-2.2642750,-4.5538310949052232
-2.6429090130440584,-2.6429090130440584,-1.6437690,-7.5772512364163888
-0.52908498142534176,-0.52908498142534176,-2.4648270,-2.5357649097986368
-1.5525062113248654,-1.5525062113248654,-0.5255665,-4.0306220917430192
-4.188519134692856,-4.188519134692856,-1.4310590,-6.4828753053921952
-2.4846350379819572,-2.4846350379819572,-3.7182990,-5.38287777864046
0.13678193019004014,0.13678193019004014,-2.2564120,-2.4678322081693656
-0.9684514897442192,-0.9684514897442192,0.0331150,-5.244308995566776
-1.3263220430119072,-1.3263220430119072,-0.9830436,-0.91031898791122064
2.2337556038417884,2.2337556038417884,-1.1379110,2.7853452576616132
3.109052410479908,3.109052410479908,1.9572700,2.3814290430069332
