epsilon,w,y,y1,z
0,0,0,NA,0
-0.70864444202065872,-1.9713757345202864,-2.0886074561848592,-2.0886074561848592,-0.80713427731045936
-2.0180300751144208,-0.18446683611126556,-3.1914605884847368,-3.1914605884847368,-7.2674604049180768
-2.0238625464698976,2.013861234115386,-2.2098899768314956,-2.2098899768314956,-7.6778225851803296
-3.4928012497840532,-0.29369689939391396,-4.8033340677755408,-4.8033340677755408,-10.4014061688033
-2.7191796755813652,0.53531136530861312,-4.7461287537531064,-4.7461287537531064,-7.8606012792616736
-3.3962145398152644,1.3745260264733868,-4.8071106981604472,-4.8071106981604472,-11.798019710412868
-1.8333815446977704,-0.38020207385211816,-4.5030783454744768,-4.5030783454744768,-12.177988845977194
-1.258095565371366,2.2178383450797984,-1.9571478965527456,-1.9571478965527456,-12.502722742732784
-0.48398578850264008,1.3093429231313464,-0.54601969058707032,-0.54601969058707032,-7.8523973349240432
0.66659002346657504,2.8376070180492316,2.379905090807502,2.379905090807502,-3.4471881385124156
1.2973597284801958,4.1116550286760648,5.365470793957192,5.365470793957192,-2.3184875485406836
1.1773950642624326,3.4011660533283728,6.2409466985708896,6.2409466985708896,0.46655004775582912
-0.85461817709752976,2.4506346861439408,3.9812994524886728,3.9812994524886728,-3.2871290890639916
-0.028393718690492344,1.022182873341228,2.6777840188927036,2.6777840188927036,-2.0140454526918304
1.8728639332025296,-0.85993225426295344,2.6098033646648136,2.6098033646648136,0.7203034700792124
0.71781322819914928,-0.32251005550444628,1.796957871678444,1.796957871678444,2.9106524095847848
0.074219453466419456,0.73320767454275904,1.4859437614855726,1.4859437614855726,1.706483584352892
1.0274972927350726,-2.1291736701716896,0.28004760435767628,0.28004760435767628,2.4877884207971532
0.29017682561835112,-2.3473562713680772,-1.2129487621604648,-1.2129487621604648,1.122662404678
-1.5225465081750202,-1.643783859368331,-3.279669590813084,-3.279669590813084,-4.5727783072131272
-1.1410176329448138,-0.01727617905763057,-2.7929457536916972,-2.7929457536916972,-2.7549791665776432
-0.6742576540447824,0.57314581197113248,-1.6695284625108382,-1.6695284625108382,-4.3613529871039592
-2.4455008497158088,-0.78038803950860512,-3.8265367086272512,-3.8265367086272512,-9.40458649994944
-1.5073726918654554,-0.0093446775196861504,-3.4271823204428612,-3.4271823204428612,-8.4686706338613456
-1.076502320071636,-0.065521268282271032,-2.8359583680906564,-2.8359583680906564,-10.884510762443626
-1.38573163305208,1.657749461750903,-1.643286193871776,-1.643286193871776,-7.6764420541281664
-2.4901139705498376,-1.6183113188304998,-4.4445749906670752,-4.4445749906670752,-8.0917884812071728
-1.8478778587991168,0.93485005242510512,-3.4157703174350808,-3.4157703174350808,-5.6358378173213512
-1.6724412884408472,2.7608674733005704,-1.4477192158479884,-1.4477192158479884,-6.9828669425474808
-0.36317491290076256,-3.1439540228181048,-3.2878023367974296,-3.2878023367974296,-2.3526557642138188
0.4590239736821768,0.2359573772885084,-1.0197070306145822,-1.0197070306145822,-3.615973410626584
1.0334353985737956,0.87643192352555632,1.137084229734394,1.137084229734394,-0.87789472150739104
1.359149647301966,0.25678047000995152,2.1074380911761292,2.1074380911761292,2.9902815282900112
1.153682938779323,3.658006763429752,4.7680067187682144,4.7680067187682144,4.7004389146374464
2.7699997337839976,1.6752076031732038,6.3266484153893472,6.3266484153893472,4.2681968507156736
2.3515185758271012,1.1070320488047724,6.2897652176851152,6.2897652176851152,7.299869799158928
2.8447529116691284,-0.02586903931882978,5.9715271929885056,5.9715271929885056,10.551918597357432
4.4854659698104432,-0.7903933592265984,6.9179542148460768,6.9179542148460768,14.676172294719832
3.1029142049580392,-1.142227565215094,5.762332016730512,5.762332016730512,15.295783796849742
3.2777248868131728,-2.1578371227794532,4.648404909232812,4.648404909232812,15.619061283397438
1.3659082103238576,-1.4137083611634394,2.700514812125856,2.700514812125856,13.738533068420814
0.5341649606542972,-1.0616987594945982,1.1412332350710064,1.1412332350710064,9.4563406829473824
-0.44349646033367032,1.0339983867141796,0.85091902790175856,0.85091902790175856,4.7912525587919512
-0.5800718089283228,0.34731805798785252,0.088510345614053248,0.088510345614053248,7.475320796357128
-1.5514952766751016,3.6437308360099344,1.043371481338879,1.043371481338879,4.2974067984846976
-1.393987867431258,2.7547668710096796,1.056034682944957,1.056034682944957,-3.3045944169636864
-1.568141694026821,3.4249623337065312,1.3573492810402292,1.3573492810402292,-4.1721860612114944
-1.0546935311258094,4.155004917395224,2.5324845515709616,2.5324845515709616,-5.5468047739404328
-1.708340400686772,3.716499811681832,2.1594517432759912,2.1594517432759912,-6.586049151827604
-1.5721892088215032,2.3098726366496024,1.1244475084712138,1.1244475084712138,-7.2976310144449728
-1.118881361985969,2.7740420336282772,1.385171815789432,1.385171815789432,-6.0016735277817144
-0.08358971899887368,-0.20781121033456508,0.46352834166164672,0.46352834166164672,-4.0674017991875336
1.1779044750341002,-0.51961329815399328,1.0459393371571282,1.0459393371571282,0.51725736846918312
0.70388246284186472,1.778067237566216,2.47149919771678,2.47149919771678,-0.01386970922350117
1.4478569302372874,-0.0407088311569348,2.6551103472858228,2.6551103472858228,2.7858750748864668
0.48030254600765776,1.9443112351088928,3.168875584226794,3.168875584226794,1.6321562453779678
1.7587403870400112,1.6499008527523808,4.4981087760800752,4.4981087760800752,6.8434328610717168
2.3387815996815124,1.1494382389477012,5.3924427549849408,5.3924427549849408,7.444400331845336
2.055450159165486,-0.38918519908456552,4.4792418972987616,4.4792418972987616,8.008929588550208
2.0564821973752324,2.1758447015773748,5.8191944371287752,5.8191944371287752,10.074497773132138
0.499509127449006,2.6983208814931796,5.2979309630586184,5.2979309630586184,4.7543274600749576
1.2808837498235662,0.20282337028268404,4.0718255905507536,4.0718255905507536,9.0451972769249248
3.0314354886244796,-3.8358051965284024,2.3822846463299752,2.3822846463299752,13.990995260483004
0.43259379453579672,-1.0058469530810656,0.9196432505440384,0.9196432505440384,7.5046107948572224
0.45303181125977096,-0.3401035637896514,0.67478094187903416,0.67478094187903416,5.5687156018821008
0.71974709199976728,-3.4161969972917944,-1.3342003351649714,-1.3342003351649714,7.0026557661991776
1.744885683057417,-1.4350185782002538,0.073272510734753824,0.073272510734753824,8.475275149718048
2.8967235091712812,1.1259889942373826,3.7215520605048264,3.7215520605048264,11.874361190196662
2.8338882673553464,-0.40225809385250656,4.4130836319110048,4.4130836319110048,13.938008184174282
2.4466352258227988,1.3761000991294076,5.6164471111688864,5.6164471111688864,15.681306020515598
1.02043660043034,0.57000861564762848,4.2276661869681232,4.2276661869681232,12.58489070557403
2.2627926748871232,0.026815591974486212,4.3953966827533248,4.3953966827533248,13.464626537327432
2.1170322202833656,1.0302285486487124,5.0358905457141264,5.0358905457141264,13.564172780515092
1.7900344145908406,-6.9822557210279464,-0.57959931727165824,-0.57959931727165824,14.33052021642845
1.8453059702282092,-3.1452904348986524,-0.646196992836676,-0.646196992836676,11.142084723189036
1.0850924057035012,-0.59386188353287704,0.34629059081214932,0.34629059081214932,13.040940241059446
1.0985386129902774,0.5362125416017176,1.6470326875175542,1.6470326875175542,13.392865667789608
0.16113630290615654,-2.8085710678736948,-0.98134710084665248,-0.98134710084665248,4.6259482799109576
-0.40296060550039688,-0.58281689200052336,-1.3016059803240896,-1.3016059803240896,4.2850289222070336
0.1538489428425262,2.0907814771130192,0.96659298665959456,0.96659298665959456,4.17717759111036
0.27849469121472736,3.616004960683816,3.292994657023196,3.292994657023196,5.7044542727605944
-0.087323892412234816,0.85332486792108464,2.1565008436441224,2.1565008436441224,1.677299361074739
1.0589989798361808,-0.46096395473298712,1.8145746333451508,1.8145746333451508,4.8894790623785168
0.5893810178759936,-0.32486200571977876,1.2692649305447242,1.2692649305447242,4.6849055580468464
-1.1008753445491364,1.7125156007806482,0.7325180412696792,0.7325180412696792,1.631721263627346
-1.3295361891950816,-1.5583307481829736,-2.0541086922883232,-2.0541086922883232,-3.2309676892833216
-2.1604107822439336,0.22547882599484904,-3.0296299501917012,-3.0296299501917012,-3.3658920425062232
-2.8560134491530808,1.9462980487354032,-3.0084197901341492,-3.0084197901341492,-6.7778418953346872
-1.008732127543097,3.8518505027565224,0.18335332931939408,0.18335332931939408,-5.86650406455524
-1.0552729490294144,1.6262315328511606,0.17476578862609516,0.17476578862609516,-6.671061725797804
-0.41545965748218192,-0.85573162863933456,-0.92708890321666864,-0.92708890321666864,-6.6655253741486576
-2.0296410330707452,1.5735127360156558,-1.3917265694681202,-1.3917265694681202,-8.5107442077022528
-1.9814760734284644,3.2301388209031544,-0.41624218353031608,-0.41624218353031608,-7.5161622394406944
-3.0452501556918588,3.261293907875814,-0.9704655119439472,-0.9704655119439472,-11.918590775444664
-1.2116154837390926,3.1454648457631916,0.50497715232316768,0.50497715232316768,-7.5140605482235424
0.14981939569039682,-1.4614157614873782,-0.620683061189184,-0.620683061189184,-6.3006158159972568
0.33178906789012248,1.5947140275112064,1.1377473565533748,1.1377473565533748,-3.8358046133335504
0.059783210884319456,-2.2350462319656332,-0.93587547321493616,-0.93587547321493616,-4.8584481630136224
-0.07742947999053208,1.2609133458589654,0.33727212550327556,0.33727212550327556,-3.3924149975870484
-0.85993579287372208,-0.95047723638144336,-1.3566337955890946,-1.3566337955890946,-5.6992617119938328
0.54895711367529352,0.5748623994015424,0.27304389546182588,0.27304389546182588,-3.3997164575977532
0.11523842277429658,0.54095796780532232,0.6304309479689352,0.6304309479689352,-1.1879024102579714
-1.5248113233060748,0.39230398565103264,-0.93498305936588432,-0.93498305936588432,-7.291103798872968
-0.83170647082102352,-0.4505821862340396,-1.6146055308677934,-1.6146055308677934,-5.155948652694824
-1.0330002250520478,-1.1012301168212428,-2.6111640722608148,-2.6111640722608148,-5.2704299324986824
-0.04455445661430868,0.86442489942400176,-0.74503906314791472,-0.74503906314791472,-1.9294159477799368
-1.3656697745464076,1.848400203615842,-0.44430916358927576,-0.44430916358927576,-2.0533239532859228
-2.1384992934755456,2.3418285445307908,-0.72137389409863008,-0.72137389409863008,-8.1667364256443104
-1.7966751021571752,4.824574555067212,1.2198401393405578,1.2198401393405578,-9.233341949374752
-2.4757582149088836,2.31612482030405,-0.24455077102576972,-0.24455077102576972,-12.098870531179164
-1.4116480759469794,-1.3787967500334624,-2.499081186483288,-2.499081186483288,-10.825555621395328
-1.8642270107110552,-3.493175769269212,-5.5589906424411472,-5.5589906424411472,-11.232216779862138
-0.88073668366754448,-2.3666547742337948,-5.3168903468517744,-5.3168903468517744,-8.5474178953750144
-1.9423498866702968,-5.070921620795996,-8.1504401946533808,-8.1504401946533808,-13.61315496467643
-2.175788615364374,-3.7291686608214944,-8.8614267752661104,-8.8614267752661104,-13.187794950044018
-3.463219795570954,-0.5371432123941656,-8.2699334318799248,-8.2699334318799248,-17.615878610502162
-2.3701025396672968,-0.27967310600931124,-6.7008404298137776,-6.7008404298137776,-18.903271314169576
1.5201240353200704,-0.99106210373591904,-2.524039652201962,-2.524039652201962,-6.5940288576478848
1.0165509489555898,-3.5480067275263744,-2.7290735864138532,-2.7290735864138532,-0.23606950562838148
0.26135187971625552,-3.6088276022212256,-3.6293642350455288,-3.6293642350455288,-3.1004237414793388
-0.72610049024451664,-4.7938628342250936,-5.8964865917248464,-5.8964865917248464,-2.6724169535122744
-0.095762251541411888,-2.8505261071059488,-5.039373822378,-5.039373822378,-4.8281618373948432
-0.13068517550786368,3.0299754203511052,-0.52938929245108992,-0.52938929245108992,-3.4643049131672936
-0.25938535750969928,1.3696569846237778,0.43467988550140024,0.43467988550140024,-1.7240254756549982
-0.34662408308843136,4.3854181501958352,2.9405085647993528,2.9405085647993528,-4.1767796615635976
0.3231054650526668,3.3258426726175408,4.1214496182846216,4.1214496182846216,-3.6451599443094296
1.0579699402409418,1.3697953671973118,4.0775515064213712,4.0775515064213712,-0.028958622568356572
2.0817078972788368,3.3938161689849024,6.4961549687789536,6.4961549687789536,4.75790293957
2.2846118502069796,-0.14390266380962458,5.4319574699297192,5.4319574699297192,7.2650070282675664
2.093721615194708,-2.2849558172788444,3.2102312780643764,3.2102312780643764,7.0472916972639968
3.7034414124461784,1.3872562468816314,6.2796364242955088,6.2796364242955088,13.516657603589258
4.370431832874816,-0.08254613350998352,7.4524677515655824,7.4524677515655824,18.37750664932462
4.8879381941107128,3.1712912208768832,10.83407592450732,10.83407592450732,21.773411265097548
2.7881218127832512,3.4698113148854252,10.634027695456708,10.634027695456708,18.865331041261752
1.7310098997648728,2.36811817916928,8.7057064729117232,8.7057064729117232,15.402919690560884
2.183260349216936,2.0542660553790708,7.9740998244381472,7.9740998244381472,16.26451455753012
0.38885175488559872,1.4929274681771236,5.4209508948286584,5.4209508948286584,9.6952183488052656
0.30174078631623676,-3.6380932087418848,0.46555098761124696,0.46555098761124696,9.9665433176505968
-0.768746038436788,-0.49774044180193656,-0.88438885389252016,-0.88438885389252016,3.5548559931911284
-1.1239887188053634,-1.9825053408287912,-2.9539368843317772,-2.9539368843317772,1.1503992430283392
1.0561758005212456,-0.4837766012232028,-0.7594362625008848,-0.7594362625008848,5.0515951059490664
0.11347631634498844,-1.2724582966507318,-1.1569626225609664,-1.1569626225609664,3.9611142361742736
0.61642290671529528,1.0844674383716816,0.79706880229498928,0.79706880229498928,7.3415409237126832
0.12427820670575352,-1.9773470005999224,-0.8613302925666976,-0.8613302925666976,3.9139764808867632
-0.15159210653394072,2.3295135303199708,1.0484022184066902,1.0484022184066902,0.9102465738228136
0.9231177367702328,2.326429102262774,3.0758192175575196,3.0758192175575196,3.2530849324077192
1.9165701451274212,3.1723588022134076,5.6751309154555664,5.6751309154555664,5.175964115348988
2.9132999189480556,0.43460998573483024,6.05509236669022,6.05509236669022,12.265436104631376
1.91219128599413,-2.1067470712991204,3.4650145194298556,3.4650145194298556,11.566914245722034
1.4734348619567272,2.8111042712693452,5.173715111560196,5.173715111560196,11.223451532281402
1.598912232567484,5.41773476558244,7.9781841242552896,7.9781841242552896,11.910793047180156
0.77436927935353936,5.2585225675146192,8.4444271387414176,8.4444271387414176,8.6247103808252
1.1376416633566888,0.2340629762196602,5.52369931608116,5.52369931608116,9.2999898997371552
-0.6128703584621984,1.4664015560397646,3.1754603888062168,3.1754603888062168,1.0222765950272982
0.56185823310424784,1.2796251711519482,3.04532604731372,3.04532604731372,4.306064234174192
0.21515154979397268,-0.31614156662118896,1.5165154768160002,1.5165154768160002,5.1968889177680712
0.20118633870230224,-1.1611218089884792,0.14665881081836702,0.14665881081836702,1.8125359612840476
1.2370588753956284,-2.681124521219882,-0.5663988840491052,-0.5663988840491052,6.5333842066398872
1.2195102847592846,-1.6959376791393912,-0.2508455326628418,-0.2508455326628418,9.4679137398590544
1.2556918267393394,-3.2881900688888256,-1.1714639878142594,-1.1714639878142594,9.386203722170736
1.0853284623998218,-1.963111055160566,-0.874581270119704,-0.874581270119704,7.2538992244139248
2.8868815359092352,-2.2575752339933556,0.86928823705403424,0.86928823705403424,11.871536398206656
0.55906040299141832,1.3828041859233466,1.961667451664778,1.961667451664778,7.6828248624859856
0.374069938252228,-1.1061822148174186,0.58057611371242416,0.58057611371242416,4.513031217124544
0.21074548323984788,-4.9890832387927776,-2.9913247270588844,-2.9913247270588844,4.2704079303574696
0.58884032554535504,-1.5142200319961982,-1.966776060381426,-1.966776060381426,5.2959786353092616
1.5825550324596786,-0.77041182632059456,0.059878723844549512,0.059878723844549512,8.7043448907064448
1.675348426977031,-2.553211639983266,-0.081960359088980368,-0.081960359088980368,10.191339233767734
1.4824338400066738,0.58999686860094672,1.8544514684828464,1.8544514684828464,13.640671823690294
0.19353935693737968,-1.0211591668421362,0.40595367438930752,0.40595367438930752,10.762039150858054
1.5145325874380582,0.56800720408807048,2.1151144674943612,2.1151144674943612,8.6456224588527376
0.77831328916113776,0.9664757018942392,2.5124035142342852,2.5124035142342852,8.1125537622653536
-0.3540362849352382,2.6655343061746792,2.7680394865041796,2.7680394865041796,2.039805216452408
0.53710510316500072,1.917007018621856,3.2630297594523892,3.2630297594523892,5.023958489579872
0.7985317788684248,3.8630333333876752,5.134169991965992,5.134169991965992,7.5188916178632384
-0.59733000573049312,2.746334740728338,3.8921893087623392,3.8921893087623392,3.1893932962422204
-0.95870918794786336,-1.9666574089243964,-0.38927471981377096,-0.38927471981377096,1.3082038342949676
0.3771229705294924,0.70735404920160136,0.67763344506372784,0.67763344506372784,3.0558562714567272
1.0551090616776584,-0.69229716713674672,0.90931776721379968,0.90931776721379968,3.8237916259454096
0.40166296682546312,-1.5960719021661062,-0.26092848108391124,-0.26092848108391124,3.5143303625854476
0.2022486728652762,-0.33649322553781212,-0.16376082555314792,-0.16376082555314792,4.1952165471560064
-1.8367175576069244,-1.1804180691403592,-2.74489061878175,-2.74489061878175,-1.2076672796968842
-2.5149267107531944,0.77577663339959504,-3.3443283767643532,-3.3443283767643532,-6.045467018518776
-2.2242101501437648,1.5713326042047642,-2.7964415155826064,-2.7964415155826064,-8.8469450029254736
-1.9266287889566676,1.7223324811230644,-2.119216809961826,-2.119216809961826,-8.3734744269142656
-1.6389283480239174,-4.7911291208487656,-6.0523271375989664,-6.0523271375989664,-7.6664134719813152
-0.87777722703537696,2.2747431978051368,-2.3116205573712644,-2.3116205573712644,-6.9301019510598864
-0.71930406372206304,-0.13937264220109192,-1.9726751919484596,-1.9726751919484596,-4.9439761436601032
-0.9042920505990688,-2.1482490396722796,-3.394403974343894,-3.394403974343894,-4.2754805488917944
0.35249360572596456,2.2652924828085,0.24099635651996744,0.24099635651996744,-2.3970895067509236
2.412593176522412,3.0809686135186972,4.6897693842454832,4.6897693842454832,3.5372227718523596
2.514189309002168,5.3755125447631784,8.6219327824591328,8.6219327824591328,6.8258501408754296
2.8658845934065732,0.40755725224502568,7.4621410612076576,7.4621410612076576,10.996357801194626
0.65853545665372824,-1.5802365554251092,3.2834403984599808,3.2834403984599808,6.3445641561339928
-0.084276452729077792,2.0873032052178288,3.0185559901533928,3.0185559901533928,2.1125835456048196
-0.27520721031457048,1.6334860214972644,2.3775109998102108,2.3775109998102108,0.484657592167442
-0.44436057153529216,1.0490984997816892,1.4787638782169954,1.4787638782169954,2.223451873850578
1.4826089054983008,2.8974998050326784,4.2502407081296736,4.2502407081296736,4.6019485318819872
0.23356037113389228,3.879074026122268,5.074032543484316,5.074032543484316,4.0122370237693888
-0.98137838333021488,-0.33904681488267864,1.318305117994068,1.318305117994068,1.396697957752472
-0.76969993712416368,0.054685175058534568,-0.072267755586155504,-0.072267755586155504,0.70963796211576704
-1.7285234147842772,0.74384947613956864,-1.2439626592796568,-1.2439626592796568,-1.2252118489357526
-3.6177629607336688,2.8840130371825288,-2.2209351643457272,-2.2209351643457272,-8.4145721134736352
-3.485089383562096,-0.82621352051725408,-5.1739064300970376,-5.1739064300970376,-15.777162174405718
-2.312905757224418,-0.36280346611333072,-5.153821398552268,-5.153821398552268,-13.82724335489307
-1.7789940359949,-1.6855944875669038,-5.5358208765678664,-5.5358208765678664,-12.58942495518885
-1.3534056642018548,-2.5729558233896064,-5.922385178858512,-5.922385178858512,-10.055692965094556
-1.9838732500687108,-2.2859856120638868,-6.5452557679426872,-6.5452557679426872,-12.146053059209078
-2.5619124128272652,-5.5078226754930296,-9.6900161696437296,-9.6900161696437296,-12.387823928396642
-2.1485321464976304,-3.4874485129049288,-9.434754190352944,-9.434754190352944,-14.236870010007886
0.33938335873281968,-3.0127972248842436,-6.4869517938626232,-6.4869517938626232,-6.4794633907590296
-0.353151355126265,-0.93518909522973296,-4.2512596187183896,-4.2512596187183896,-6.527334186117904
0.52871962951600992,-2.727957942517314,-3.5064807396053048,-3.5064807396053048,-3.26515052475446
0.56697423190696824,-7.442206215836112,-6.3958104889809616,-6.3958104889809616,-3.5849817907491544
-0.0090841159573808448,-1.7106281020522596,-4.4044290318844432,-4.4044290318844432,-4.2364060899298504
-0.69950125672011864,1.0279000717804446,-2.1821857224160288,-2.1821857224160288,-2.9872090012856968
0.97440824899988704,0.8081309740031856,0.44900706959410264,0.44900706959410264,1.486630863494524
0.6546265252439304,-1.0207502854457104,0.16460486022898446,0.16460486022898446,2.9264231474288104
0.35407696406908312,-1.478802479552106,-0.5987823415028988,-0.5987823415028988,1.4472732953268146
-0.90035902353586288,-1.3164848101852986,-2.1212895614170212,-2.1212895614170212,0.77643763879434672
-0.4296779298404392,-1.024747281027939,-2.2076458072685072,-2.2076458072685072,-0.17917578093416986
0.20949319675106236,1.1951623657099184,-0.057716050886248312,-0.057716050886248312,0.6676776659311192
-0.66303098161295352,-2.7203752891710736,-2.5961517094758292,-2.5961517094758292,-1.5209780594880092
-0.061701339805801616,-4.307568643446948,-4.3750752449565792,-4.3750752449565792,-1.5538262891030828
0.042164238852061456,-2.6271477264335088,-3.9843767921296848,-3.9843767921296848,-0.92340283895643856
-1.3871670152759316,-4.102345142807428,-6.2509970113059728,-6.2509970113059728,-6.6858652241770552
-2.5914822137833876,-4.2284760170363168,-8.6769139313617952,-8.6769139313617952,-9.6877929899676544
-3.2290633490007564,-3.8359363106579848,-10.252675732142244,-10.252675732142244,-10.961929950722182
-3.2205728723944764,-1.2226835346767484,-9.2027892127393216,-9.2027892127393216,-16.146513350165552
-3.2357704342033852,-0.72434470182512288,-8.344206331850632,-8.344206331850632,-17.005920212669612
-2.0668458090595456,-3.2498139050556176,-8.5138187085237936,-8.5138187085237936,-15.166077160287384
-1.8881437395651784,-1.8121924012470012,-7.413587774699976,-7.413587774699976,-15.389246654203572
-1.3299407373615922,-0.8577575971762768,-5.6371649427349736,-5.6371649427349736,-14.466889773086998
-1.5463437706271474,-2.3642409148380768,-6.019894882381288,-6.019894882381288,-12.269324528800138
-0.2949609609651298,2.3518084753180788,-1.6586424694331188,-1.6586424694331188,-8.9828067286336832
-0.1853861235009954,0.92164376661903008,-0.36955672158423368,-0.36955672158423368,-7.3387263968603136
-0.40356635405349432,2.192049775073734,0.9460901277060024,0.9460901277060024,-9.473185100931584
0.35160362743026456,-0.4730777461555492,0.49349426897438136,0.49349426897438136,-6.2265952545758104
-0.59358619604574104,-0.80626708448205072,-0.91122602069598592,-0.91122602069598592,-6.8273908279279712
-1.089556430544615,0.16603243464988126,-1.4289467366376912,-1.4289467366376912,-10.2462506847278
-1.415525845774879,3.3189151581970532,0.1932413966442128,0.1932413966442128,-13.416082586102136
-1.5866656023028454,0.68050462145008816,-1.0136916689656772,-1.0136916689656772,-12.754405928512442
-0.86676065498776784,-2.0672791782150288,-2.820701914221126,-2.820701914221126,-8.9265094256138688
0.57472314686336344,0.53161447115777136,-0.46349768043675952,-0.46349768043675952,-4.5255625899074944
-0.15156075360716104,-0.048066464376242016,-0.41695611888891024,-0.41695611888891024,-4.6744531389769024
-0.086513456051298544,0.38744208703345152,-0.02378205457233762,-0.02378205457233762,-4.4819416311024992
-0.52969244890952424,1.0662289464758218,0.20477678633738216,0.20477678633738216,-1.6958456404592028
-0.38570629485475904,0.17049001061093632,-0.16397489425841256,-0.16397489425841256,-4.0483966435492024
-1.284178926755885,4.8674206074596896,2.0410280513366912,2.0410280513366912,-7.035155231635916
-0.33653112262285668,2.7169373794749056,2.5858390686779228,2.5858390686779228,-3.264140475364246
-1.9439325736305572,-1.4389784811462582,-1.6582979760939764,-1.6582979760939764,-6.6952783232700544
0.67780311535229256,-1.8942455311282636,-1.47731774448448,-1.47731774448448,-4.1006864884334696
0.99319648051142464,-2.705728629445896,-1.6394724323429424,-1.6394724323429424,-0.50658770050500664
1.6345627744178718,-0.87279068632174688,0.20387307782117792,0.20387307782117792,2.095668043032494
1.7618144737795276,-0.3598053232756418,1.6118872863971674,1.6118872863971674,6.3462239352539728
1.7756015404364576,-3.7599696005185808,-0.050433536727965352,-0.050433536727965352,7.5175242656797024
2.1613844691437088,-1.1597633285155054,1.3243333708188722,1.3243333708188722,11.357232436301314
1.2492501025002236,-0.94803389363692656,1.2477930623638112,1.2477930623638112,9.8256659468549696
-0.49889749776164496,-2.912543956931622,-1.9137817364318744,-1.9137817364318744,6.1532449094317128
-1.6582810347395134,-5.3173913639083688,-6.337345857691308,-6.337345857691308,-2.8460599668886208
-3.2113133466264464,0.58837289452297496,-5.9681252493060184,-5.9681252493060184,-10.018861788329924
-1.3876721533480222,-2.6774005871293744,-6.2459151889915944,-6.2459151889915944,-6.0357722738239176
-1.351716359977351,-0.95672909039200608,-5.144384317747552,-5.144384317747552,-5.5799974116916504
-1.615423494022306,-0.47114644296355048,-4.517418162970568,-4.517418162970568,-10.305173540741186
1.2276664928303154,2.4262293259180448,0.66731793948766272,0.66731793948766272,-1.6070475129856752
0.63664130727242056,2.5073554648162512,2.7254491023876276,2.7254491023876276,-0.96238125692085424
-0.20685018663495692,-0.57897579039691552,0.750591311281016,0.750591311281016,-3.2212606542952512
0.39659343706448336,2.2131647443132336,2.3211044137242548,2.3211044137242548,-4.9169000839134792
0.38688714767098416,0.60243824963698976,1.9691461292790044,1.9691461292790044,0.23340092231332356
0.448208906900856,-3.04810031409834,-0.7008882483284796,-0.7008882483284796,1.220738490145736
2.0317494165830084,-1.103711055484795,0.90870755357941232,0.90870755357941232,5.4494197107022992
1.8933082678534776,0.81202988179890176,2.9160829619024148,2.9160829619024148,5.4116052856380784
1.499355187710456,-1.4774910559086876,1.9231529295255824,1.9231529295255824,5.1744429082728776
-1.267163500522456,-2.7263364132817248,-2.2140225250568716,-2.2140225250568716,1.8765890435229084
0.43401711463781912,0.048123962245542048,-0.63930737431873744,-0.63930737431873744,3.2613068161931712
-2.1601065335510132,-3.5771711715638184,-4.9837800408050544,-4.9837800408050544,-4.4404765405485216
-3.673012021813948,-0.85769432020879392,-6.7652880663626312,-6.7652880663626312,-10.55225795657966
-2.9288689699462796,-3.70270833045898,-8.90340883444888,-8.90340883444888,-15.118747229237618
-1.0863064662803068,-3.96906930388658,-8.3163593962253536,-8.3163593962253536,-10.315052775525218
-1.8623523117654908,-2.3656307943203808,-7.6764735659024336,-7.6764735659024336,-10.835658904673244
0.43600466036011488,-4.6661288530496888,-6.6685223197258848,-6.6685223197258848,-7.0963796987577128
0.61750932318193288,-2.3565235851790036,-4.366318346306312,-4.366318346306312,-2.506499376123292
0.96485004591581696,-3.118034257463782,-3.400933107461986,-3.400933107461986,1.6458571490819424
0.45204037090856784,-0.4237884606715452,-1.5450781052925068,-1.5450781052925068,-0.1063806199784868
0.7028493831987592,4.1421109321776016,2.8297879830768268,2.8297879830768268,-1.5781205813946962
-0.51290169179266872,-0.65865710185477552,0.44093232844740168,0.44093232844740168,-3.0708469636107924
0.36120343505321784,-3.5944247623220408,-1.9344277343485096,-1.9344277343485096,-2.3130715171867484
0.60647595731424472,0.81330857613970432,0.20857809343778288,0.20857809343778288,1.9386257279734572
0.1266591837037418,-2.0127786664329328,-1.1779968360804196,-1.1779968360804196,1.583790298399014
0.844857279040808,3.2431164069682044,2.5260403458783412,2.5260403458783412,1.8018699891022428
2.294098154201406,-0.22634680361537664,3.3986755646098132,3.3986755646098132,3.9243712411890272
2.792190964691244,-0.90649260281597408,3.8569839250249688,3.8569839250249688,7.9161483265408304
1.88108145154018,-1.4282772129326186,2.8097793649998312,2.8097793649998312,9.9219586264349472
2.8955898278443108,-0.058208186663403768,4.2597337796798432,4.2597337796798432,14.502899616423292
3.6950837698652024,0.61368308494553416,6.2545288191669976,6.2545288191669976,14.358899318054152
3.3978734946748812,-0.88267515855218912,5.907265293271848,5.907265293271848,16.935195204093784
3.1474026199039988,1.6353385353342414,7.2457722412738928,7.2457722412738928,15.430806938848776
3.6070849576833616,2.6581523079586208,9.0906776938913424,9.0906776938913424,18.622024443662772
1.7742851155076402,-1.3782538177119886,5.3548462900549192,5.3548462900549192,16.069010994396304
1.2036663968556748,1.9328845275728152,5.2341087111841048,5.2341087111841048,14.705816478671558
0.62264480808165488,4.166320212575668,6.1561233124766744,6.1561233124766744,10.553040505891148
-0.58832446835802152,-2.0499764748131128,1.054753655511137,1.054753655511137,5.816783482551636
-0.3880555080357532,-0.85533892673729168,-0.4594159289962888,-0.4594159289962888,5.562011993166592
-0.081906899071621408,-0.2847724491944932,-0.51095557800591096,-0.51095557800591096,4.059121178945996
-0.21523877625718012,1.16093585388796,0.34193853246143636,0.34193853246143636,4.0877225836991696
-1.0227800230350292,-2.0455411007115532,-2.283689527302398,-2.283689527302398,0.66408007721400784
0.21023041385082684,-0.31006746474051992,-1.1486615751187362,-1.1486615751187362,2.7344590059176788
-0.3964418961991652,-0.54174678191793176,-1.3499954311010856,-1.3499954311010856,3.064723732248236
-0.04012651567781228,0.87300914576541472,-0.1040178291925648,-0.1040178291925648,0.93441318966603008
-0.7136371409536052,0.08856251078936128,-0.70365229799733472,-0.70365229799733472,1.2268674697085502
-0.37107525588072488,3.818786440405512,1.9502491034044656,1.9502491034044656,-1.4346190232837146
-0.02812026778944854,3.3842938734050688,3.3160099952963328,3.3160099952963328,0.19696335469109428
0.8643651613793192,3.415306183248186,4.9130844873012152,4.9130844873012152,3.8007961068629968
-0.45511125942322504,-2.0566879174089284,0.56174944204113256,0.56174944204113256,1.718709169452155
-0.74464007741961248,-0.52642740227650984,-0.83226453799260304,-0.83226453799260304,-2.2744849440404568
1.6796388864728238,0.79631199610444432,1.8209250147496332,1.8209250147496332,2.2600723311621688
-0.19497717489336596,2.4657478366991256,2.4415088181708384,2.4415088181708384,0.94947644797507216
-0.55612484985401256,0.22728275463299152,0.82372748747450064,0.82372748747450064,1.797944670966583
-1.590432736513617,-0.56317748634846624,-1.5727932332202932,-1.5727932332202932,-2.523577154739182
-2.89611006497884,1.6068542189145944,-2.5577087283487704,-2.5577087283487704,-5.707629272994608
-4.2871418725419552,0.16216860126945926,-5.4524782158277192,-5.4524782158277192,-12.372588033315932
-4.0398835668840312,3.4697778382724572,-4.3372781880071704,-4.3372781880071704,-17.01825993887656
-2.7959130041714932,1.08585016757402,-4.204456980873264,-4.204456980873264,-17.31797845449606
-2.6698442298832372,2.5380311850731852,-2.9954508907686392,-2.9954508907686392,-13.728536125667346
-2.4832565272713224,1.0979790058264624,-3.2123966685771184,-3.2123966685771184,-13.17996147758268
-2.2002577707307136,2.1644745459917772,-2.2913239228250292,-2.2913239228250292,-14.747410821750716
-2.4134272015634732,-1.0591790417277722,-4.300514492185428,-4.300514492185428,-15.654292547769
-1.808603764395258,-0.34090456980235156,-4.1974942093496176,-4.1974942093496176,-13.702171104002184
-0.8052815107277584,4.2738636363568216,0.087675930047207968,0.087675930047207968,-13.073145296118738
1.8703945089319632,-1.1353095924818752,1.1195157592182548,1.1195157592182548,-5.7572978690259536
1.4142216785733856,-0.80332702106273072,1.4116506434386014,1.4116506434386014,-3.4126776027045916
2.1694339195302584,0.15622394196914214,2.9846160006279584,2.9846160006279584,1.749018831425041
0.65924694948275728,1.294554269969843,3.0577429387756268,3.0577429387756268,1.8469984507014876
0.47299368811050328,1.5689481794053926,3.1001288830820916,3.1001288830820916,0.51071334147087232
-1.377564926435603,2.5627753909521648,1.966442288771958,1.966442288771958,-6.6703270152552688
-1.6805751767921948,0.877163773549256,-0.083339390921736592,-0.083339390921736592,-8.4024820486211264
-1.070906949717231,1.038040473847873,-0.38594831348458824,-0.38594831348458824,-7.166353760422276
-0.0071184334081721976,0.59735067399631568,0.21805288164695464,0.21805288164695464,-3.3474560428750352
1.0217899290348982,-0.86507606311405888,0.5252631256785344,0.5252631256785344,-1.6325596526192468
1.1317251394539876,-0.19253676220969596,1.2595809687464676,1.2595809687464676,1.0060218625552968
0.080002982177729056,4.8407472006154936,4.0983165069818072,4.0983165069818072,0.87467296974863008
-2.5840483858499144,1.0243645977243702,0.1821650860480486,0.1821650860480486,-5.5730568186407792
-1.7737983945910232,-4.1800193025774256,-4.6087293633711968,-4.6087293633711968,-6.5415899500346664
0.027121718972115792,0.91243063372302768,-1.6385415191073632,-1.6385415191073632,-5.4630257145073304
0.42918069460637864,3.1976570758236684,1.8482698881292644,1.8482698881292644,-2.1620588596050368
0.50467127722676464,0.074998562088787408,1.4813052147535482,1.4813052147535482,0.4459096313748316
-0.98240039650056736,0.26120575363129528,-0.058903761581886704,-0.058903761581886704,-2.2231181705632496
-2.7452442609377036,4.3333939555042688,0.25867962712434124,0.25867962712434124,-7.0452792734780784
-2.658538542846378,1.5589442827421412,-1.4379377313647088,-1.4379377313647088,-10.41817329440166
-3.7065520491100608,-0.6425656204262504,-4.8753168490907904,-4.8753168490907904,-14.975156092748752
-5.0418633321413448,2.0650011466181336,-6.0340209540540464,-6.0340209540540464,-22.388507741865892
-6.3898739183991304,1.9527686436028984,-8.0399463449041248,-8.0399463449041248,-28.282375509473024
-4.8453296062868544,1.2226743704560368,-8.0094307194196896,-8.0094307194196896,-24.838699229885096
-2.9666052184929204,-1.4107919774333646,-7.9588749624061216,-7.9588749624061216,-22.199474618307468
-3.7540083951762832,-0.70224209687350304,-8.2250153441907952,-8.2250153441907952,-23.045575220842752
-3.0641426561171564,0.95781671611645104,-6.5061786269310392,-6.5061786269310392,-23.247296763514028
-2.191954133462676,0.23231568166269112,-5.2824224697643112,-5.2824224697643112,-18.735135397426376
0.65167200468530088,-0.24425387904879608,-2.160516945531012,-2.160516945531012,-12.445895285601212
0.28493004199067444,4.1361932035145568,2.100006811685358,2.100006811685358,-11.010270127934302
0.28892263786544848,2.0257588384046116,2.7569572305913552,2.7569572305913552,-7.994552416072952
0.41068722085781832,4.5078755646087488,4.94467873137962,4.94467873137962,-4.9205217218112728
-0.99992160849073792,2.914976385314786,3.5129012269194228,3.5129012269194228,-7.188564207464324
0.31356217831619848,-2.1080282453236112,0.594393020049382,0.594393020049382,-4.734270861185492
0.83526016637760672,-0.34749154376383736,0.88921259576761152,0.88921259576761152,-0.1077023269267059
0.8707404435430752,0.22118733350502436,1.470177874880398,1.470177874880398,-3.3161078718353608
2.626323137995574,-0.062860592130287048,3.317409660944572,3.317409660944572,3.4425914375737196
1.8291258465204544,-1.5701697675353992,2.3887118397179612,2.3887118397179612,3.0739291293781464
1.6734173435053534,-2.2326178301523036,1.3049407822577214,1.3049407822577214,4.2763932714701512
1.0964727118645048,-0.7634192949144728,1.2145495965532346,1.2145495965532346,1.7526363775514668
0.82331585927993904,1.0086046754758528,2.1366139303896536,2.1366139303896536,2.4880510285111504
-0.075349816754124448,2.7546049967570448,2.9211806461706336,2.9211806461706336,-4.3167267162617176
0.71761499536208296,-1.3797588941088418,1.2123740925712104,1.2123740925712104,-0.26705332599821196
0.844410591030432,-3.341129426950544,-0.8881929615493432,-0.8881929615493432,2.4305712431784268
-0.22106683392960104,-6.012530393967196,-4.8739345904813096,-4.8739345904813096,1.1515060496424216
0.099147900418262544,-3.2470739410401544,-4.6107711535505,-4.6107711535505,-0.41194991770451272
0.1004499906386683,-0.40017643101263232,-2.4850590878454244,-2.4850590878454244,1.1612819818508466
-1.2427434777047664,0.3694535737503896,-2.2266555200022056,-2.2266555200022056,-4.4814518914358936
-1.9779883421588792,6.5819026317978288,1.516015740098498,1.516015740098498,-3.9668388098880952
0.46389530907105584,5.2492410412045824,4.8963719079635128,4.8963719079635128,2.453353833763516
0.60579135393992536,-0.052691296196297976,3.0170934005842728,3.0170934005842728,0.44636506733032856
-1.8496673201551816,2.087709541324832,1.1202760590643372,1.1202760590643372,-3.3118398565526608
-1.0761166661747104,-0.69597415673449368,-1.0031605463566872,-1.0031605463566872,-4.1201583002129128
-0.52296187867693144,-0.7212153102132504,-1.5293928690045504,-1.5293928690045504,-3.4407568987407276
-1.1401515612562952,1.9273718985553316,-0.5556876667698384,-0.5556876667698384,-4.5649740007850824
0.32363229299243356,0.59527229197138328,0.46247906398748264,0.46247906398748264,-1.0442196914886936
0.26468811356181012,1.7852312406251138,1.745589513993131,1.745589513993131,-1.4335003225729484
1.2556070847076846,-0.63314147186087712,1.6852028114016362,1.6852028114016362,3.8483174243915184
-0.55220917180665688,-0.30573780820631424,0.076375768149741232,0.076375768149741232,0.50233066038558896
-1.98532128322045,-3.0073989797841576,-4.0523126849944904,-4.0523126849944904,-7.4237401428602576
-0.63945054680659832,-1.46197034152256,-3.6889861283696352,-3.6889861283696352,-5.2066827001231496
-0.15846735988626448,-1.8150909139632304,-3.2735240638453432,-3.2735240638453432,-3.1287845028849244
-0.050243593427157104,-3.6339522930609544,-4.2307722304924968,-4.2307722304924968,-1.0999349225198812
-0.62282967858946736,-3.4985822756728248,-5.1872233868066936,-5.1872233868066936,-2.2816267877313884
-0.8151656428824376,-4.1421980842722272,-6.3083159952763432,-6.3083159952763432,-4.0935713399466336
0.17398449474717826,-2.5449808896569248,-4.7616601256508408,-4.7616601256508408,-3.9008674464865944
-0.5717865915456104,-0.35879303238834248,-3.2037717770428708,-3.2037717770428708,-4.1349946029310472
0.34295812754326212,3.0148141599245712,0.85144215096902672,0.85144215096902672,-2.1006696480528976
0.81047346400696192,4.5025032437852504,4.3879468101411504,4.3879468101411504,1.1505026633169124
1.2175942802990432,0.88672894103561568,4.0322779440945488,4.0322779440945488,1.9633538019024932
1.3409669269528526,0.65383382838773072,3.8147895788715384,3.8147895788715384,3.1858622776930616
0.85686484060199856,2.4540454904355716,4.482091473342668,4.482091473342668,3.9052648127399936
0.10471705820227884,0.00095034354915557456,2.346428035358022,2.346428035358022,2.0722399569626016
0.76636806277786288,-0.9949791178459528,1.2430966979647068,1.2430966979647068,3.7278349893153896
-1.1839321549452868,-0.47779337971949976,-0.8968391717665832,-0.8968391717665832,-1.2053189140666726
0.54135325006778536,-3.123372874535704,-2.0934273479904988,-2.0934273479904988,-0.79041716987078896
0.83324687395278368,2.3069044032973868,1.401366282265705,1.401366282265705,1.5235983254536832
1.3737350252124872,2.8138615248850612,4.0441212337648824,4.0441212337648824,5.2827873246777968
1.9564984089433616,1.4192429905707318,4.9720291192253152,4.9720291192253152,8.1336071363650432
2.5130522075687408,4.5736175672784592,8.20059906427632,8.20059906427632,11.816531220084598
2.2370502862607492,1.6450588281273326,7.4888909980880416,7.4888909980880416,8.6840435370722448
1.8469917999871524,-1.8028135090451648,4.3294678426995584,4.3294678426995584,9.1086903895781824
0.5045948167768148,-3.5732405252219128,0.16806037047125532,0.16806037047125532,8.4329881863741856
1.131060069295646,-3.1959471717288632,-1.0220727656789304,-1.0220727656789304,10.703983789841792
0.18483039662414948,-1.5343698735055402,-1.400264897669194,-1.400264897669194,7.824472482735856
0.35841502264860092,-1.2153125711096618,-1.1924362259627592,-1.1924362259627592,5.293723510183528
2.21397593975746,1.159512470887864,2.4294165563975848,2.4294165563975848,8.168736293286056
1.2717944179951274,-1.2843990205637282,1.5874233817993102,1.5874233817993102,9.2765602268945664
-1.9952899597892436,-3.063231523823336,-3.3458403355659236,-3.3458403355659236,1.8476533557412828
-2.514413376132784,-3.9140272843960208,-6.92715264299296,-6.92715264299296,-5.6519434986135232
-1.6813649733625416,-0.048316979825797632,-5.1787631807370808,-5.1787631807370808,-7.8043304319729296
-1.2301115244816332,-2.2452295271152544,-5.3911537838308512,-5.3911537838308512,-6.9787220997490776
-1.1551586475202046,-2.0425971691912236,-5.2805535578694872,-5.2805535578694872,-5.6382005980162904
-1.6881644461114198,-1.6359585631663826,-5.4736122192626304,-5.4736122192626304,-5.8330949157119744
-3.8974122368299576,1.6924111205851266,-5.4495305620516848,-5.4495305620516848,-9.9807844203675008
-1.950076581805438,3.0235770677886348,-2.5583379153792364,-2.5583379153792364,-9.9333937460644768
-1.5103472726960996,2.9577988900879592,-0.71905700732414624,-0.71905700732414624,-6.9825191310281072
-1.488384437623505,-2.2546458858952224,-3.4261650614122336,-3.4261650614122336,-6.3466197470619024
-3.1214093373835388,-3.0894761507426324,-6.9971251736094992,-6.9971251736094992,-9.9893331488671312
-1.8765950854773052,1.1700488873567428,-4.5561234511323344,-4.5561234511323344,-9.7697455145194608
0.14706482574778646,0.00033652829589581044,-2.1307613300112536,-2.1307613300112536,-6.4183915496441456
0.68561901450207872,-1.7270421522292442,-1.588691157064019,-1.588691157064019,-4.625421976817028
-0.1567770885325751,-4.82238138272322,-4.3267896349708384,-4.3267896349708384,-2.2143227518931052
-1.2675215692278426,-0.22600598728268208,-3.5891205778111392,-3.5891205778111392,-5.1963983570293496
-1.7263154962408502,2.5021254286501736,-1.7693879850912986,-1.7693879850912986,-8.1326304957170704
-2.2877553467332496,1.5546205729707812,-2.0842149381993516,-2.0842149381993516,-9.6141991248832112
-2.7615919000242892,1.0309995347893222,-3.0819996947714392,-3.0819996947714392,-13.90720184754039
-1.2612907580815788,2.6928827357289956,-0.9172726904570016,-0.9172726904570016,-10.94174257001691
-0.995085692651456,1.0063271590493848,-0.74929302654538768,-0.74929302654538768,-8.2407646890338
-0.82854908846463904,-4.1553969877406104,-4.1119734931557608,-4.1119734931557608,-8.1601519467460368
-1.9907362420939528,-0.42040788132701088,-4.34100850560074,-4.34100850560074,-11.79898891910572
-0.73810922771568384,2.14963933834873,-1.403865943671943,-1.403865943671943,-9.4247728662853344
-1.400808323046399,0.13830831389426002,-2.0059254751563884,-2.0059254751563884,-11.394149215344504
-1.2920220544924362,-2.9234950682632364,-4.341431339854896,-4.341431339854896,-11.619905412069798
-1.855348254064188,-3.379082853642666,-6.3914219215415024,-6.3914219215415024,-13.654269613374674
-1.9124720096516336,-3.8220965778431752,-7.7836505749126064,-7.7836505749126064,-13.02573948273733
-3.0197979670541972,-2.7820732109436084,-8.8590745021710256,-8.8590745021710256,-16.748939350191186
-2.7522065094784628,0.93205041661601264,-6.5293084689327664,-6.5293084689327664,-15.394067317968016
-3.739515673305224,-1.4338572847262156,-8.0078700070799584,-8.0078700070799584,-18.903876737395024
-2.8730981392608128,2.329544381859254,-5.2463520754993152,-5.2463520754993152,-19.97230888243058
-2.8229992368620808,0.14462285534591024,-5.3449392758696008,-5.3449392758696008,-18.598599899533756
-1.215472689858799,0.60741734796938928,-3.4627501842150272,-3.4627501842150272,-14.236636526069666
-1.6256996216589772,0.78845928220268096,-2.805153216224614,-2.805153216224614,-13.784146860054196
-0.2312742671906316,-0.069969249597605144,-1.6828293500212622,-1.6828293500212622,-9.4718191075218752
-0.60046008130835296,-2.6887704511141628,-3.3240140720988976,-3.3240140720988976,-6.7738197130004496
-0.065729454000277632,1.7672724128647284,-0.49064580104441672,-0.49064580104441672,-8.2049114240622992
1.4821350614749254,3.1864745942757064,3.4673443769457112,3.4673443769457112,-4.8866061649166216
0.84070552838254464,-0.70453494647720152,2.0812032543213588,2.0812032543213588,-1.2067542012432438
1.0954910045302372,1.2117221113674546,2.9842981096481348,2.9842981096481348,0.66738360275861504
0.75164661267203776,1.4821189957121316,3.2812789644945976,3.2812789644945976,0.32164822955617832
1.0966669401732492,0.48813096304766016,3.07899809655391,3.07899809655391,2.5549024072227928
0.80787431320384016,-1.4971750850583238,1.2993508019399686,1.2993508019399686,0.5103240868818972
0.50090598754508744,-1.6242251077389018,0.013623813097840554,0.013623813097840554,-0.43936974015398648
-0.14359470727725076,-1.6222301470150186,-1.2723439036388436,-1.2723439036388436,-0.87767056565518352
1.1441382618726946,-1.261388533774607,-0.37500566358895208,-0.37500566358895208,3.4125177110549264
1.3972387043226818,-1.6203148102522968,0.075515505351597904,0.075515505351597904,4.891515737222768
2.0481862281500648,-1.3323544603663584,1.153295858569413,1.153295858569413,7.0175426677449632
1.8755320426272576,-0.51393110159910584,2.09242820079259,2.09242820079259,9.5769085264175248
1.6774691134213286,-0.051167308207830776,2.687866098072142,2.687866098072142,10.666537724974898
2.1038895096873464,2.8016662469710812,5.4089889316031744,5.4089889316031744,10.351715407131256
2.7900283788065988,0.36566570536938184,5.7504888383667528,5.7504888383667528,11.27003649508592
3.6571102934346984,-3.1432868159601356,4.3320539414459792,4.3320539414459792,17.318567822881036
2.803995456310464,0.38484400356439072,5.2394132295285264,5.2394132295285264,15.40048340487691
-0.2172972764085994,-2.952958133474834,0.33533864492328024,0.33533864492328024,10.764592193266082
0.16475416205992758,0.4717014322423212,0.66261448709119256,0.66261448709119256,6.2526987309123912
-0.00202032801613658,-0.95542619397490576,-0.33951142025297432,-0.33951142025297432,3.5826737481083444
-0.30948000896984496,-2.2698621467844756,-2.0681392218454652,-2.0681392218454652,-0.55418046969717152
-0.010161735801942324,1.3473316959720404,-0.10109915954424662,-0.10109915954424662,2.6980187675662836
-0.56280364324313336,-0.93523139688527856,-1.2680152008349514,-1.2680152008349514,-0.084592408398611824
-1.5610289532376136,0.9515782258212968,-1.5289317955801816,-1.5289317955801816,-3.1789292370716208
-1.170457596822957,0.46681133441852392,-1.608155560520081,-1.608155560520081,-3.4732697275148824
-0.24749930012767096,3.1684442281517088,1.1663338793184846,1.1663338793184846,-0.60928888172298848
0.24505303095795588,-0.15273983394343538,0.72130208685679344,0.72130208685679344,2.561299840142446
0.29055132655927136,0.62115227357155104,1.0860089614877538,1.0860089614877538,3.2436996872697172
1.3560002349674352,4.1833048442118112,4.82731810665958,4.82731810665958,6.094808980986128
1.2566869604100286,4.43933924710582,6.7778834867138912,6.7778834867138912,6.344922234234344
-0.16475736242731908,2.08439426003863,4.6832603629566672,4.6832603629566672,3.8201844083378944
0.22849934897631396,-1.6566238146731954,1.4104928601834108,1.4104928601834108,2.5072433876417488
-1.1339133973521894,-0.79501649047031152,-0.98517851058970192,-0.98517851058970192,-0.1352413434808133
-1.0633921545848392,-2.5389733828864808,-3.3332627779002264,-3.3332627779002264,-3.6937834817765304
0.6475579101585576,-0.079183811673710464,-1.074502146963153,-1.074502146963153,-0.24120685471332592
1.127847078546044,-2.6354144009069632,-1.2541940755704064,-1.2541940755704064,2.9694164336527128
1.0419516979560856,-2.9899865311660568,-1.678135911645357,-1.678135911645357,2.2837146456467812
1.7549700820049736,-0.95865734734973232,0.2448419830374826,0.2448419830374826,4.3516665085309328
1.6755422557708508,0.25046461664283336,1.9732884789395756,1.9732884789395756,6.9112287960718392
0.95211898089444608,0.34914868414053364,2.1831672992626076,2.1831672992626076,8.940503525424864
1.454674381168225,1.8217866588344364,3.8215086919836336,3.8215086919836336,9.9714051037293248
1.3358907373877992,2.9010340092865844,5.2773688898802256,5.2773688898802256,7.9681966040711952
-1.6096300832638342,2.918376928554384,3.0719182116643468,3.0719182116643468,1.2205244797052758
-1.389868628798846,0.78264571563187872,0.69394247797564224,0.69394247797564224,-1.7332317609507342
-1.2407690985150934,-1.9888104733481012,-2.2859651908709432,-2.2859651908709432,-3.9245743715416368
-0.4085517376231912,-0.47110525050479288,-1.8813080084120176,-1.8813080084120176,-1.8459271233384472
-0.43031579878213976,-1.678103225542061,-2.5456420608675912,-2.5456420608675912,-3.4001603569108872
-0.55306204121693056,-0.71293658168592944,-2.3249386788308768,-2.3249386788308768,-1.513053855984873
-0.69078452469220872,-2.885674878324556,-3.873226278934836,-3.873226278934836,-3.2991588816262684
-0.93741997224383152,-3.0276410553821044,-4.9933818504787224,-4.9933818504787224,-4.1338580361154808
-1.0024423159160208,-0.049867877999512312,-3.5340407557550404,-3.5340407557550404,-4.9911177388893264
-0.7870910415099272,1.2364974936590308,-1.6885631738261258,-1.6885631738261258,-4.1941446274840608
0.099098721222928288,0.64633799744260064,-0.29274626748031412,-0.29274626748031412,-0.30942397039739332
-1.2406454340113248,-4.2193432353517456,-4.340558832497704,-4.340558832497704,-1.3834164904520412
-1.6406593148360846,-3.2186342099404108,-6.0639826780432232,-6.0639826780432232,-4.721600417044524
-0.30993721024837796,-1.143759534802713,-4.1425602236318896,-4.1425602236318896,-5.2489111222062056
-2.5973521589892516,-0.99467636406421648,-5.364905725650148,-5.364905725650148,-9.5898033280503136
-2.0936775695744184,-2.1240477646094328,-6.2629638676260952,-6.2629638676260952,-8.552148688814888
-2.0414734062486904,-1.6202882429001488,-6.3071571100918424,-6.3071571100918424,-11.122116215054108
0.14589927514787226,-1.1903642219930494,-3.840934235293184,-3.840934235293184,-6.636493655372708
0.81532530996310816,0.49271578187914808,-0.76024076036808016,-0.76024076036808016,-2.5930127773561252
2.1644886292689996,-0.12246640387908936,1.698641766369597,1.698641766369597,1.6739837631677534
1.717607108036558,-3.1223492310220036,0.38128352950595424,0.38128352950595424,4.4721409128056864
1.2041027188947812,-3.1276098058142284,-0.79458238042220096,-0.79458238042220096,4.9647428507289592
1.7268763525910176,4.4111297501013264,4.4173759874508456,4.4173759874508456,6.1059544298301144
1.6830506581142486,2.4546375343530248,5.6099849258867888,5.6099849258867888,8.3337325005813344
0.4143990600059172,3.2897810915369928,5.5222382870252064,5.5222382870252064,5.4055921511944864
0.078410412923027024,3.327785015118834,5.1689790670188136,5.1689790670188136,2.3877562360308964
0.17640641391173706,-1.242651909793729,1.891039610565534,1.891039610565534,2.0056210934149864
-0.87567216675490464,-3.1976072368484988,-2.1684774272660868,-2.1684774272660868,1.118201930024362
-0.31712225860131088,-0.81628376674222512,-1.972759608953912,-1.972759608953912,1.213520132942092
-0.7998767614753224,-0.28734518681334176,-1.9873981967216176,-1.9873981967216176,-2.1237797867791704
-2.6836829957356124,1.5120460375388342,-2.6189498678192372,-2.6189498678192372,-8.6656664868114032
-1.3950728587954894,-0.60620844776175712,-3.1288937061383376,-3.1288937061383376,-8.4270733366547328
-0.4354073042002908,-4.233528331799076,-4.9633239895288136,-4.9633239895288136,-4.9815859458061592
-1.3723919938302182,-2.3147889463585028,-5.4744062510455776,-5.4744062510455776,-3.5361758624361
0.18819544376251128,-3.0401862772539232,-4.6771380758380232,-4.6771380758380232,-2.7996784618575964
-2.2855782062148964,-1.6359383552488098,-5.7693040928080744,-5.7693040928080744,-7.7991886308079872
0.72521029439067952,-1.8514252870391556,-3.455439452940766,-3.455439452940766,-3.6431986818293456
1.0580629686162322,-3.1545680709982096,-2.8778544075528972,-2.8778544075528972,-0.51646283887677712
1.821113413642848,-0.8124412223550208,-0.1865226457821152,-0.1865226457821152,3.9880326815763072
1.1581334817612486,-0.927200373473736,0.41583189743857576,0.41583189743857576,5.8141034486041312
1.7669068989600646,1.8858696595898308,3.2949316093922344,3.2949316093922344,6.3180273965039984
-0.3420588980530548,4.7597386427960904,4.6372239566003256,4.6372239566003256,-0.47181032183043168
0.98415908611765472,2.211020881088544,4.8504856811797976,4.8504856811797976,3.9767799293391624
0.63425069354311472,4.0616987573865448,5.9026826643035936,5.9026826643035936,2.4406032013281584
-1.1220582787312168,0.34928778931532388,2.0737845059413068,2.0737845059413068,-3.3423710748801088
-2.290115813646818,-1.558224806517271,-2.343980925238254,-2.343980925238254,-7.2346775910969008
-1.8566493975121672,-2.8063155331529304,-4.9930607333383456,-4.9930607333383456,-6.868883920630168
-1.6437400452650718,-2.9453572690825424,-6.2020205002920248,-6.2020205002920248,-9.4668475626498048
-0.99593525173799536,-3.8269498008626808,-6.7758103624878832,-6.7758103624878832,-5.9746058376261664
-0.1009464807198639,-1.2054832070860324,-4.332689906924028,-4.332689906924028,-3.9595395374635696
-0.30740848796966708,-1.9002945692060144,-3.8039596398758912,-3.8039596398758912,-3.8455981231565752
-0.9322003886491536,0.82222436539987792,-2.2586231528071848,-2.2586231528071848,-6.6588578251529792
-1.447172159447291,-1.7287880386789706,-3.7866353629261632,-3.7866353629261632,-9.3153932684462896
-2.3934023380978372,-0.359163031283037,-4.5381341414590448,-4.5381341414590448,-10.833786513397806
-1.2918934478645192,-1.7211672275840586,-4.7657775779028832,-4.7657775779028832,-8.32938328969836
-0.58406971602398024,0.33611599305885896,-2.73167730983422,-2.73167730983422,-7.9153810900826336
-0.081738705867789312,1.4109163070725924,-0.45993594583408472,-0.45993594583408472,-6.274285358106752
0.11619211698305054,-0.59271339118446208,-0.52867522976311528,-0.52867522976311528,-5.9106730416651448
-1.152886629532362,-0.55675784805761176,-1.806954738054248,-1.806954738054248,-7.4858153003696752
-0.34351472553617936,1.3829423588735992,-0.27893244335178392,-0.27893244335178392,-3.1343684314559456
-1.191601276433208,2.5327092967341464,0.44182900960480232,0.44182900960480232,-3.9798891189944496
-1.9075023940971992,3.2347223436810148,0.57771775128191208,0.57771775128191208,-7.0468164688978256
-2.26627165976309,2.470530868190092,-0.24804117638906976,-0.24804117638906976,-9.6059992142169712
-2.2993449309069408,-0.48756557902565688,-2.7646614244194356,-2.7646614244194356,-13.158608079198846
-0.80807005066190656,0.227652877825072,-2.0310437483940736,-2.0310437483940736,-10.444782603117886
-2.0607088175799548,2.7426882815067388,-1.1563488947222748,-1.1563488947222748,-10.441997772334848
-2.3852363681995356,1.5164602490132114,-1.9018886412514252,-1.9018886412514252,-12.642867400721352
-1.5898800612224964,2.0204702919016852,-1.1264951775170296,-1.1264951775170296,-11.640455855859158
0.87594261476498688,1.5723753549208852,1.4133577744510916,1.4133577744510916,-6.2428152600777608
0.28401759068987092,-1.8735536128564124,-0.32079105108407196,-0.32079105108407196,-5.5183470898371432
-1.240300600033093,0.99364151330671952,-0.70514706626042536,-0.70514706626042536,-8.7957359805755136
-1.2485060466100876,-1.7003755633630144,-2.79134247409441,-2.79134247409441,-10.02723317572321
-0.780742273861772,0.6228761197608048,-1.7404002270764138,-1.7404002270764138,-9.6030706997406592
-2.0488490508606444,-2.4967224843844236,-4.666754903467948,-4.666754903467948,-13.246800355320412
-2.2165568682592676,-3.4521109592676008,-6.9664119914805624,-6.9664119914805624,-13.461666162480768
-1.3586734547418824,-1.4262109870766074,-5.840227141435788,-5.840227141435788,-13.183715350381252
-1.2666184895087496,-1.4796535677453546,-5.222489557648392,-5.222489557648392,-14.810367025190234
0.57602733419169264,-0.0954541682130588,-2.1020353623816444,-2.1020353623816444,-8.6256006066257232
0.014995279509702974,0.1119898139874938,-0.9576295318898736,-0.9576295318898736,-6.4409446516413456
-0.52698236778481768,-0.096711439901766128,-1.0734951416609908,-1.0734951416609908,-6.1935845483177736
0.3357204116458628,1.0984459482799744,0.56788500461134952,0.56788500461134952,-3.514119993963178
0.36468520158795272,1.2607270817059708,1.531136661087807,1.531136661087807,-1.9318185586764888
1.5188788791201354,-1.12429063879289,1.497443762509016,1.497443762509016,0.35101437156572644
2.0772552653444128,-2.4629473623417956,1.101913992959664,1.101913992959664,5.8200113480364856
1.8420332797709748,-1.767257851217897,1.155909780398279,1.155909780398279,5.2742253693234024
1.4536603488850908,-1.693708609497091,0.84601921243626656,0.84601921243626656,4.2787613101035744
0.84022427752590464,2.3439114505449404,2.903971899125496,2.903971899125496,4.0144148356407848
2.0141806908368368,0.418577852856316,3.7591711373990064,3.7591711373990064,7.2913411522546672
0.12414098747999036,1.7627879966657722,3.237678153845534,3.237678153845534,3.7725820263594152
-1.0249266850413962,2.4473953538753344,2.3070891395941052,2.3070891395941052,-0.6172940662963484
-1.768344422617945,1.405595456799835,0.369116966938992,0.369116966938992,-4.4196762725057672
2.0264145774375248,0.5349788219038636,2.5854582362397256,2.5854582362397256,1.3794298804784678
1.1657641885017982,-1.7647953973510024,1.2231365284759594,1.2231365284759594,5.6667159715714504
-0.19877577598560924,-0.83058077907340192,-0.1686140570990109,-0.1686140570990109,0.77357191731333104
-1.786901619712271,1.6561524699227906,-0.71190191931582288,-0.71190191931582288,-1.4135357977355442
0.34044304801387716,-3.8136747232993272,-2.6850802179535628,-2.6850802179535628,0.58717175948434096
0.058829174726883256,-2.088280273636578,-2.7455071257955024,-2.7455071257955024,1.262572907887685
0.41792295148336008,-4.7400263090840456,-4.2728490277732224,-4.2728490277732224,-2.416382603915502
-0.16311755959898056,-2.6258220962694204,-4.1376175408741856,-4.1376175408741856,-1.9345950917972188
0.5996969843559652,-0.95703788081675648,-2.1390383026528576,-2.1390383026528576,-1.1549628277126906
-0.48407884312886592,-3.63777600712074,-4.100041199439812,-4.100041199439812,-0.0022217182101547108
-0.1045847032405069,-1.921554967131878,-3.4996937799527272,-3.4996937799527272,-0.20812947553701148
1.4150641915548592,-1.3522927243348428,-1.2813876054558944,-1.2813876054558944,3.4905044519785632
1.3059133669395742,-4.1735549723118944,-2.2562689164066984,-2.2562689164066984,3.2169352331783688
0.81562277535698624,-2.1475966248069768,-1.8158293202112464,-1.8158293202112464,0.62381208836310352
0.51731335846581624,1.1440960121023424,0.41026590683183272,0.41026590683183272,0.39688177101502656
0.89307290483246848,1.5914280716989794,2.21220550843767,2.21220550843767,4.1647079601287944
1.1284360370099544,-1.1699541798644054,1.4155708653237058,1.4155708653237058,6.786441972744924
0.79386909550788336,-1.491979438800611,0.45726892100930872,0.45726892100930872,7.521635644019072
-0.1232555602520784,-8.4935683416288032,-5.8401189388875864,-5.8401189388875864,3.6550494566939664
0.15711932861621988,-2.2523684033748008,-4.3395980231899344,-4.3395980231899344,3.7798526065267176
-0.79041830797947648,-2.3925285676040868,-4.6349873168973048,-4.6349873168973048,-1.0757918466100176
-0.12473378925270984,-4.9846638555989592,-5.9314921466206344,-5.9314921466206344,0.81432603747943152
0.37163199436827304,-3.1466210328549032,-4.7967488019404768,-4.7967488019404768,4.4967842195672832
1.186519654896693,-2.5632919556228744,-3.0061591150095576,-3.0061591150095576,6.8431585613074144
1.6861550254772088,-3.1533341035763528,-2.0242584045310172,-2.0242584045310172,8.3687965884943088
2.1550662750431444,-0.95092626196889024,0.4772886893994128,0.4772886893994128,9.8037285510035184
1.9009472942343768,-0.46725108770000888,1.8125158775440772,1.8125158775440772,9.1126801954311712
1.0931377296707936,0.36609329006093648,2.2556609714854872,2.2556609714854872,8.5096853405043632
2.2071112509312396,-2.4175623013619008,1.6426481257206526,1.6426481257206526,11.71542903699053
3.2342467918282896,0.84399158724939344,4.6463649657631912,4.6463649657631912,14.398802245247706
2.5121482721745892,-1.941852749127654,3.4760338306668276,3.4760338306668276,14.412022199707976
3.0829577456931928,0.026512702319349324,4.8395335526501512,4.8395335526501512,17.364630717191346
5.2747938678127688,0.69156281653485976,8.178654615712248,8.178654615712248,24.275233410281708
3.2404120842994812,-0.32248683635219664,7.103998606709068,7.103998606709068,22.512218982945404
2.5679650570216596,2.5907626888416036,7.9334982425653152,7.9334982425653152,18.0488543206282
2.332817034287504,1.3075562752958302,7.2148555482772432,7.2148555482772432,16.343516718554642
2.6220568957865868,-0.6623000859694288,5.7658746097466088,5.7658746097466088,14.665985563829484
1.8637914321230468,-0.098455698277878304,4.677809748201836,4.677809748201836,14.652385187178948
0.82975984744859824,-0.31954714665994168,2.9449817188875576,2.9449817188875576,10.850187874258542
1.1789754433804168,-2.5003886313768872,0.90119426086037472,0.90119426086037472,13.137355179584722
0.82740849944067024,-0.7509038994078736,0.75237290028534608,0.75237290028534608,11.009358615147658
0.79089523271020864,1.2600703493601832,2.0491309274050096,2.0491309274050096,9.003908563228208
-0.88044567844304432,-1.2198640509783078,-0.70978505042535504,-0.70978505042535504,7.606409896601696
0.27289565402187156,-2.2101676673205816,-1.6291142383152132,-1.6291142383152132,6.4816949925042152
-0.54045500323978648,-2.8648016345522188,-3.360373266583946,-3.360373266583946,3.4294905881806472
1.1373619722106896,-0.36389795325837152,-0.79755322836214352,-0.79755322836214352,6.8369255883521592
-0.5007668146923344,0.4121814004013284,-0.61101644859247632,-0.61101644859247632,6.8569023374795176
-0.48188272890143888,1.6137773307084218,0.34225317829821816,0.34225317829821816,0.88800963234959968
-1.9644968679787952,1.5755155148157134,-0.69050941845868664,-0.69050941845868664,-1.6642962615034296
-0.74091516668795392,2.19888823687187,0.4530518898930116,0.4530518898930116,-3.7319658862206424
-0.70079089080497184,2.1495326309637832,1.0304078958161822,1.0304078958161822,-2.479704610858054
-0.53178669646591192,0.65144770278236208,0.43943064338983264,0.43943064338983264,-3.1481742891874464
-0.56725747323362176,-1.4524383473845476,-1.3642489947078886,-1.3642489947078886,-0.74536133815115376
0.01240089817564377,-2.155705560599316,-2.1787174915978216,-2.1787174915978216,-2.5782694316022128
-0.78727770291787472,0.45088737853869096,-1.561015283739702,-1.561015283739702,-2.0451159183805376
-0.26155234936186872,3.2561332901392504,1.2372333118657552,1.2372333118657552,-0.002606001093433008
1.0092868514260586,-0.19368202421437708,1.4923260904088722,1.4923260904088722,1.0467871060716772
1.6832046798234202,2.8456466437274012,4.4213203756370376,4.4213203756370376,5.8260081785077368
2.0216495563878884,0.85639348481933664,4.8317851835799424,4.8317851835799424,9.3835955178176032
0.4165504636889088,-1.2887565651397212,1.9303134598810752,1.9303134598810752,4.2065149149327144
1.4300037189404398,-1.3284252425512986,1.4652627790950686,1.4652627790950686,6.9238415121602832
1.2152353686648786,0.08091424698690064,2.0045067311032432,2.0045067311032432,7.5288189938018288
-0.22291267839220864,2.4967881019865184,2.5270923585499756,2.5270923585499756,5.4757805217748848
-0.93589182624498864,0.4938882314660056,0.67337611505620296,0.67337611505620296,3.0577058842262188
-1.885793368383688,-3.4170732737314776,-3.9410566024676208,-3.9410566024676208,-3.0997478944295164
-0.8062623443491024,1.0383552288284404,-2.0499419854030044,-2.0499419854030044,-1.2049924468983704
-0.83373731527457536,-3.8701893237677224,-4.5678408346134832,-4.5678408346134832,-2.5714164054954712
0.4670149776841588,0.85101600382338464,-1.2211942369462138,-1.2211942369462138,0.49808464749842816
-0.97006785634769504,-0.038738108580049944,-1.607781650826837,-1.607781650826837,-1.330056428190782
-1.5968840786545004,1.0057533036696402,-1.6967475914991708,-1.6967475914991708,-3.1597384209693324
-0.35855577553278084,2.0204231772866444,0.20736665281828492,0.20736665281828492,-3.7207390805756984
-0.11991182204760512,0.69404447709872304,0.46960263833064344,0.46960263833064344,-0.80280382694624544
-2.3430211590600344,-0.85893106600749248,-2.7094715860999572,-2.7094715860999572,-8.1177605580952416
-0.9519115749892872,-0.14766718360182924,-2.410014396560546,-2.410014396560546,-5.7551502564954912
-0.39504855393054304,-3.0919574127501652,-3.7644259411359312,-3.7644259411359312,-6.159923371448404
-0.69865580328360832,2.3146730605926428,-0.96059763143672416,-0.96059763143672416,-4.6827135300070552
-1.289416205094005,2.7898388119062904,0.18317214752203604,0.18317214752203604,-4.691894084700916
-3.2139472700892024,0.2998164095022342,-2.9124897096766204,-2.9124897096766204,-8.5769478746092992
-3.7386746758210816,-2.2172409526049544,-6.7469881974828592,-6.7469881974828592,-14.842593875576326
-2.3931819066042208,-1.5712407861693802,-6.866544555664216,-6.866544555664216,-13.640789186643286
-2.7544634535039264,-4.0952108011139704,-9.0543832921158128,-9.0543832921158128,-14.943247766918416
-2.9130463782060052,-4.24039290669372,-10.408513058949514,-10.408513058949514,-18.027099356199932
-2.3640020057962296,-0.071690362265599552,-7.6184417888569072,-7.6184417888569072,-14.560869970199104
-1.4921176174263388,-3.5764255453238036,-7.8048363935814544,-7.8048363935814544,-13.167224276001076
-1.4310477885322696,-3.4771046090667652,-7.7674392116697312,-7.7674392116697312,-12.22238829308161
-0.90719233769996096,-1.3440867973735226,-5.7317727016962928,-5.7317727016962928,-10.186444049655578
-1.4644931299050366,-2.468561941896672,-6.0583728400808528,-6.0583728400808528,-12.330030106390968
-0.63493574086222792,-3.2552292209369252,-5.9427826155585024,-5.9427826155585024,-10.85314269734992
-1.8189460725826852,-1.5195454158709964,-5.8540191714716336,-5.8540191714716336,-12.58327564637317
-1.7249722698850718,0.69528951766103808,-4.1652791932581616,-4.1652791932581616,-14.340359912231092
-1.6564102535985594,0.072633665996638848,-3.6882062840299928,-3.6882062840299928,-12.108407474830318
-0.28956554576047532,1.6368270183422194,-0.98788977493591808,-0.98788977493591808,-9.2437657274615088
-0.38859553239868216,-0.6863204179085032,-1.3629647124025934,-1.3629647124025934,-8.5774977374898816
-1.49294757141979,-1.1068621726110466,-2.9492334484488188,-2.9492334484488188,-10.151498668288574
-1.3471431105070332,0.2443208387160256,-2.6507352476302248,-2.6507352476302248,-11.364944427090994
-2.6579612454473108,-5.3377988981812656,-7.7197880979893088,-7.7197880979893088,-12.21390698299606
-0.5603602572058124,-4.459713281196872,-7.5420536030382768,-7.5420536030382768,-9.3677187394856448
0.045029181509836088,-2.256826157541778,-5.3057759302885472,-5.3057759302885472,-5.1302219417468936
0.36908631145924728,-1.3554323331341514,-3.2326042868789324,-3.2326042868789324,-2.15676363956289
-2.8008178265793432,-1.4580485101582966,-5.4377539271296168,-5.4377539271296168,-9.6564491833720816
-1.4055701545851136,-4.3400711416596248,-7.1624969173116584,-7.1624969173116584,-12.363388949004664
-0.59664935210621392,1.6471081417977226,-3.0249221115036376,-3.0249221115036376,-5.713426821024648
-1.1155828234843404,5.2508584023411088,1.0475570024026168,1.0475570024026168,-6.3481788626558576
0.24725109184528592,2.4297464240020668,2.4718520898480412,2.4718520898480412,-4.7227017190148472
-0.11307518577183668,0.38561340614656016,1.392780243454776,1.392780243454776,-3.1063862554610076
0.26107537847090724,-1.0205343672203244,0.24309144314406816,0.24309144314406816,-1.4440026574726328
0.37058755486119656,0.92583594040679632,1.140218434717988,1.140218434717988,-2.25357889475723
0.39390719048259192,-0.58098525345296192,0.55732673042451264,0.55732673042451264,-1.5785469482233794
0.016984700153385268,0.16361479427497272,0.41017842135812248,0.41017842135812248,-2.859577989809852
-1.3091050960066444,1.444184524325673,-0.09308671829961224,-0.09308671829961224,-6.5699246147599792
-1.2901888369452554,0.21995881515725252,-1.1827610254849848,-1.1827610254849848,-6.71352328872778
-0.09274176191584416,-0.74065932747556208,-1.20258380389123,-1.20258380389123,-4.3633866600719304
1.4334596881866454,-1.9506746718306832,-0.53330448404044792,-0.53330448404044792,-1.532406634931273
-0.081349463637297552,-4.2633839690009768,-3.3323704839582052,-3.3323704839582052,-2.3651826771046612
0.068208287501116944,-1.0494637707496068,-2.3326015940027104,-2.3326015940027104,-0.7988573349865552
-0.23121202306888132,-4.075506459974048,-4.2503673420520704,-4.2503673420520704,0.50144752135920376
0.42844943108533296,1.160911279903465,-0.88409634400827648,-0.88409634400827648,2.9371082748994556
-1.4799843823707834,1.4055733346265694,-0.9381312201363232,-0.9381312201363232,-2.191824317232612
-2.9305706988325352,2.8155664295718628,-1.428739808200393,-1.428739808200393,-8.3983919378998784
-2.3140147317459564,3.5059447619522888,-0.57422330247955112,-0.57422330247955112,-10.880570129462864
-3.664284363573292,-0.15954961355150354,-4.0630807442991192,-4.0630807442991192,-15.932955689735226
-2.5876219096420788,1.0887753362148252,-3.8570195464412616,-3.8570195464412616,-15.770401545768338
-2.1703396359512436,-1.1850933299493248,-4.9284147401364024,-4.9284147401364024,-16.871157258304712
-1.8618668733174956,0.0928085426639264,-4.261108263520948,-4.261108263520948,-13.474672167018976
-2.3236604037191552,4.8710700501324016,-1.0444655003869486,-1.0444655003869486,-15.347742067659906
-3.2394178089840376,0.90279464641174912,-3.1296943066892876,-3.1296943066892876,-17.940859784976958
-2.189649859539432,-1.7783376080454676,-4.9993333385159032,-4.9993333385159032,-17.44963785481767
0.5600398000269968,-0.67203185119373552,-2.4100491650665696,-2.4100491650665696,-12.347297548840432
0.096891206038456016,-0.81494466344304992,-1.6785946409049636,-1.6785946409049636,-9.3696762923490928
-1.4805532816446452,-1.9435067595232812,-3.680305333763424,-3.680305333763424,-11.2445809400882
-0.77881937885918192,-3.1288571980419552,-4.8091720843702624,-4.8091720843702624,-9.5770336365974512
-0.23439441120281856,-1.4828254336802618,-3.6769582569641328,-3.6769582569641328,-6.6254906031297856
0.22833210985297724,-5.02468833911828,-5.1274288560118848,-5.1274288560118848,-5.4545110132997392
0.20898945903928476,-0.6115736677357908,-2.7828265363817112,-2.7828265363817112,-3.7766772188069272
0.12202106180927886,1.102931670406188,-0.4973400370972452,-0.4973400370972452,-3.5762331562941628
0.75182289153299248,-1.1216470381922756,-0.28200005375022308,-0.28200005375022308,-1.5557962187548618
0.41938516530425384,-1.4813494636769702,-0.7585594861447368,-0.7585594861447368,0.29210697912967732
-0.04443858545781748,1.8425046143303668,0.86603490150107072,0.86603490150107072,-1.5542078231177114
0.71578397980843464,0.28390232490489976,1.3475330579923998,1.3475330579923998,-0.14427432572952164
0.62373094899372704,-0.54678963187265464,0.9147447356790688,0.9147447356790688,3.844455797066076
1.063844109990802,-1.1150196078817654,0.74070275231310064,0.74070275231310064,5.5470669197725728
1.7421045898848738,0.18006939096098684,2.2385045397141152,2.2385045397141152,6.5455659215862472
1.460645116495062,-0.95604190666742064,1.9106680516849252,1.9106680516849252,10.254254454295162
0.93503393650569152,2.180750751125538,3.4168934881360304,3.4168934881360304,8.1250631167898576
1.1827468705163164,-3.4458983067916344,0.47906479983018776,0.47906479983018776,8.3546097469686784
1.5198101695905756,-1.023251980604405,1.043066183082586,1.043066183082586,8.6640591068418
1.5148522427135984,0.57497679053857208,2.438869087631892,2.438869087631892,12.927812690175696
0.37698885097538528,-1.95700049218425,0.2265230502623564,0.2265230502623564,7.1627056290963384
1.5818729147274496,-2.6730375277104688,-0.1759918295387004,-0.1759918295387004,10.785918764912324
0.85610852180022656,-3.866057732513604,-1.938127805728646,-1.938127805728646,8.5175297020927456
1.0951718248298094,-4.2712655698425872,-2.8637779769243244,-2.8637779769243244,7.4652003771282304
2.0953197489380636,-2.4906287860844056,-1.0800093897831826,-1.0800093897831826,11.526485183090084
2.8586050898850912,-0.88759785472943424,1.697281896682896,1.697281896682896,14.962449517572988
1.4510076403856964,1.952075619975434,3.6661015227099488,3.6661015227099488,10.344933636387398
-0.43246818099321024,4.5761128824123328,4.6038615980503968,4.6038615980503968,6.7054595151270416
0.6776195758498936,3.6591602920427512,5.5409625793050176,5.5409625793050176,6.5982685793501312
-0.31834193040255188,0.30003556908067484,2.6621642576064292,2.6621642576064292,2.838572832569
-0.69361635347825136,2.0095547982188484,2.0441541340781572,2.0441541340781572,1.4816068461756918
-0.043300014329803016,0.32961777756929848,1.2095094970077844,1.2095094970077844,2.727547337443874
0.2453166455380028,-2.2147406380301208,-0.70024705257918936,-0.70024705257918936,3.5304396452553296
-1.2326910213933378,-1.7433656358502856,-2.8031704927781324,-2.8031704927781324,-2.197865695316808
-0.077552644836822672,-1.336386651918334,-2.4146085475687224,-2.4146085475687224,-0.60329562213953088
-0.60285286635780592,-1.0261651277671204,-2.5284727295791512,-2.5284727295791512,-0.014584554280563378
-1.3232386273500006,3.5372315161407128,-0.11141293084107762,-0.11141293084107762,-4.560334869305512
-2.0743888362993248,3.5439491719214576,0.35066911862515672,0.35066911862515672,-6.6616158832759816
-0.30598074088962936,3.3428126485572936,2.2093226724130544,2.2093226724130544,-2.6964787822600728
0.082187369777922576,-0.54429115194361176,0.8058448996239216,0.8058448996239216,-3.4422985776877696
-0.099634434444595072,-0.56859748078776696,-0.094730221184071152,-0.094730221184071152,-2.380921406394424
0.41266773016828928,-0.54585576828297136,-0.016796418221826204,-0.016796418221826204,1.7571615234034756
1.3154586815925228,-3.3032851309800716,-1.00523911920444,-1.00523911920444,2.0196341998699916
0.60943066844249704,1.0167705489600874,0.81855049311233808,0.81855049311233808,2.0811127594079208
0.82516289156554672,0.93112730718982608,1.886227253154594,1.886227253154594,4.2025321193080672
0.60353821216354112,-0.56554016564014328,1.1507737227927378,1.1507737227927378,4.5860067580107512
0.84030876116684976,-1.6819780040806664,0.23831101970675204,0.23831101970675204,6.3907997079637496
0.561144454177274,-2.6219521984831724,-1.1550665749075706,-1.1550665749075706,4.1752362411417184
0.062453983439064608,-1.5178821440798926,-1.5775968048706454,-1.5775968048706454,3.193381654905036
-0.1720018979040728,-2.1112772595403408,-2.438694382017634,-2.438694382017634,3.0873219192116828
-0.38590424219287264,-0.79548196110966848,-2.1620888059784576,-2.1620888059784576,1.5320894778565188
0.37412293578458104,-0.60797106928470792,-1.1325012157039434,-1.1325012157039434,4.5445461137914464
-0.560907233677294,-3.6141564316898976,-3.6570673437121936,-3.6570673437121936,0.53035799568577576
-1.016553078756021,-1.6801742315123282,-4.021208712670748,-4.021208712670748,-1.549671751850823
-1.9807028594440988,-2.4215366228337096,-5.6863828517630688,-5.6863828517630688,-6.270453511964536
-3.1118381568266696,1.6275811947646024,-4.8157227463729824,-4.8157227463729824,-9.9408721973013104
-2.8290174058395744,1.114706569505627,-4.4565841803721264,-4.4565841803721264,-10.880194672216164
-2.0771420826104948,1.0399529220552472,-3.5774671273578848,-3.5774671273578848,-9.5087891223240496
-2.1703177502091644,3.288511386314816,-1.6570933434677358,-1.6570933434677358,-11.317249011340748
-3.2661873493934968,1.1972069067423288,-3.2566891864077344,-3.2566891864077344,-16.85159464957728
-2.0893858910568568,-1.2188053309470166,-4.5708942159236352,-4.5708942159236352,-15.867478093382656
-1.156901561279735,1.4239333833629872,-2.4455953008874616,-2.4455953008874616,-12.242524753399004
1.049283562365083,1.512922598607279,0.8855317309464472,0.8855317309464472,-5.8948438767997432
0.0023995004896560924,3.253650848779258,2.72272096010836,2.72272096010836,-6.1987033412445312
-0.10865915228446898,2.3930133395393764,2.9278106654472748,2.9278106654472748,-6.1111688953346696
1.3848349054342516,-0.47984909428974424,2.512845872155068,2.512845872155068,-2.75631358562416
0.8534040648228928,-1.1668065145950904,1.2930624406838636,1.2930624406838636,-1.5999887247568536
0.077185748746902656,-0.1687763148009902,0.60557354872814128,0.60557354872814128,1.1787211941337934
-0.76862738429204256,0.6680640954100984,0.0018042568590969088,0.0018042568590969088,-4.453897158861456
-0.83440930842496176,-3.2976311751942532,-3.1418490026313908,-3.1418490026313908,-4.8897113929227392
0.79315691651193968,-3.0991235384726248,-2.9471540617345928,-2.9471540617345928,-1.0310604179262884
-1.417733102201037,-3.7748741979452472,-5.5337220716300056,-5.5337220716300056,-3.7879136709516424
-0.35273549760908172,-4.1899608259040384,-6.0525691115569112,-6.0525691115569112,-6.0420590011000728
-0.16491633638872438,-4.2820516429771688,-6.1886370422511984,-6.1886370422511984,-4.8832670027117256
0.57754805642157872,-2.0877951045083204,-3.9782270378598448,-3.9782270378598448,-1.2258621384531408
-0.63739813532856272,-4.3885364822336296,-5.6984871918220256,-5.6984871918220256,-5.6581099470633328
-0.70101150916460912,-2.8660095157594004,-5.5564617661072024,-5.5564617661072024,-2.735978601858272
-1.4129034441439278,-1.6516444404261086,-5.3472854354958048,-5.3472854354958048,-2.4639056124886344
-0.55998760016517056,-0.056085519665719728,-3.2728901816790768,-3.2728901816790768,-4.8647630795130416
-0.11485504228522748,-0.30934784192639232,-1.9678436224732404,-1.9678436224732404,-3.55258047390984
-0.1527841823473074,0.53426997091407448,-0.76271701394407552,-0.76271701394407552,-0.225765826295222
0.60808465667932184,1.3463329690741066,1.1691592280591588,1.1691592280591588,3.4145247860015264
0.76835198945878448,1.5417405746430112,2.432150005738472,2.432150005738472,0.36924796392474856
-0.37394652985264512,0.30512798469598808,1.0557180623037828,1.0557180623037828,-1.963107578556554
-1.203023225546672,-1.9109874880518268,-2.0128554360310592,-2.0128554360310592,-4.292604305717724
0.68955767042823992,-3.0052648315565608,-2.4205554296768824,-2.4205554296768824,-0.74801220689066352
-0.33070495264008328,-3.9309267374724312,-4.2926313837092264,-4.2926313837092264,-2.0696862583317836
-0.62281769849797008,-1.239932391158396,-3.63708606416346,-3.63708606416346,-1.1200367797321622
0.15614767073163526,-3.195226862563648,-3.8990541651446488,-3.8990541651446488,-1.8686850440001888
-0.11422800094024958,0.0340175018941693,-2.0399428321866556,-2.0399428321866556,-0.18965763744422892
-1.0825205423496038,1.0220928115072822,-1.387026990387834,-1.387026990387834,-0.17749569156699696
-0.76218382144697888,-4.7974198050171368,-4.813891180152892,-4.813891180152892,-4.1035089803653648
1.3184869987302354,0.065761612279707336,-1.042425462750415,-1.042425462750415,-3.3592141656390128
1.1139188150513118,1.5113214306561112,1.650631085135382,1.650631085135382,0.38219990298345552
2.6321415506674636,-2.4579000637754892,1.736927048592312,1.736927048592312,6.4959497321775072
3.1518498537140972,-2.5365333941499912,2.2447400021052592,2.2447400021052592,11.245212539259356
3.2795329650667308,1.9630058848739952,5.7760070855311568,5.7760070855311568,13.78347673222948
4.5651620522880176,-0.864701119404932,6.8478748114701432,6.8478748114701432,17.801573828733214
4.9307059142116264,1.5731618708852862,9.4558566295663984,9.4558566295663984,20.065151990794988
4.5649536739344232,2.3382959213932996,10.929689133692932,10.929689133692932,22.018958066301788
4.4515759978360128,-0.93345609656237056,9.2630012970888208,9.2630012970888208,22.2473632802786
1.6406263099594904,-2.40821671294239,4.5863752594442272,4.5863752594442272,16.338954759724064
1.2445208979418542,1.7603204899962872,4.7699328706613696,4.7699328706613696,12.840898821761326
1.7671127679702518,1.9007809957994108,5.4826259003605248,5.4826259003605248,12.871758223303176
2.280735027364836,1.225115415829914,5.8796287686260376,5.8796287686260376,14.420129536132058
1.561469977905464,-1.1538427288146936,3.6935944520481968,3.6935944520481968,14.729620856970346
1.190520323274858,-0.74793607378074048,2.5137622976524384,2.5137622976524384,15.818534914719948
0.55171184769915024,-3.0925331469374864,-0.356180206330871,-0.356180206330871,12.166578478039358
1.7302469746573428,-5.141979306896396,-2.04722864333557,-2.04722864333557,10.99055713084859
2.5796022518824876,-3.2545362911551536,-0.72218747359390496,-0.72218747359390496,12.497111955768336
2.4325621732024668,-1.1985843195984144,1.2324594126866244,1.2324594126866244,14.082305038096214
2.1310217439068552,-5.0593438388313168,-0.79428923693175376,-0.79428923693175376,17.469502998081666
0.9881553154655464,-2.995079666517844,-1.5055450695628214,-1.5055450695628214,16.463005292933716
1.4162132328852314,-2.1865247449472592,-0.86712662335926048,-0.86712662335926048,13.607521034087756
2.5427901901001812,-1.3091031324452304,1.1928546857088896,1.1928546857088896,14.623108316925416
2.3070464542323492,5.7158683891023904,6.9045816694584664,6.9045816694584664,17.31585995944327
1.7301421197196042,0.81286656176178624,5.751439547682088,5.751439547682088,16.315214428548042
2.0945003067939684,2.468649262883506,6.6982745646534664,6.6982745646534664,16.880306424567034
0.83855708056332352,1.3411237198184784,5.126480966762992,5.126480966762992,15.622095111382748
0.89035765080598496,0.44046760874837376,3.7619254603113424,3.7619254603113424,11.651432727206492
0.079609788751567552,-0.67227101657192408,1.489982807306892,1.489982807306892,7.7213189975616256
0.99599007520272976,0.90640948764670576,2.3754681202088696,2.3754681202088696,11.067766832171818
0.3772565460111276,1.0607365830182892,2.3075062142283648,2.3075062142283648,10.196533253679338
-1.1081466744309202,5.103113723789432,3.617786039335864,3.617786039335864,5.4221203436637008
0.028221502520630272,4.3698319150084608,4.8959968626944848,4.8959968626944848,2.8802581354730976
1.1751598819097772,2.8657823689676628,5.6292059715343832,5.6292059715343832,4.9537268586980056
0.95837646367375408,2.3021312053152984,5.3844712931616544,5.3844712931616544,5.6981140764038592
0.70439486828164,0.62888733788539216,3.8368516513822416,3.8368516513822416,6.9475907259275104
-0.33505728546929392,-1.4884712758582674,0.54143864712103976,0.54143864712103976,5.5066428330779728
-0.5015437587296836,0.086949719455954416,-0.16995963154999566,-0.16995963154999566,1.8937799652614948
0.46357939427804416,3.4338990584761756,2.7823289194363688,2.7823289194363688,3.5274953639486292
1.7092586044837776,1.1399629619589804,3.898397137573248,3.898397137573248,6.3912027186347472
0.78202070089784752,-1.1547042795838322,1.9229262739757892,1.9229262739757892,5.5139679208138608
0.55901161445727552,4.6508060483332824,4.7760389852784672,4.7760389852784672,6.9122616947275776
0.33820978027715572,0.32895908039810216,2.9565006291950612,2.9565006291950612,6.7643902947443576
3.1845511339247256,-0.52207805372198968,4.2973468109168632,4.2973468109168632,12.335883712920082
2.1576990542080596,6.6000534845660056,8.9264098988626944,8.9264098988626944,15.246075927326172
2.4416161942458692,3.225780773493196,9.1628676851224528,9.1628676851224528,15.323521204390438
2.4425979240025036,3.1833493830604428,9.25237633470604,9.25237633470604,13.429975970117678
2.383425290589984,4.2099370284452752,9.9565693778546976,9.9565693778546976,15.660623407747694
0.81032279574506096,4.784854148039616,9.1380053883001408,9.1380053883001408,12.77088356464922
-0.04533204890334652,2.9803107863002252,6.6098881956568816,6.6098881956568816,8.9682233959359616
0.61743703486740152,2.5509513864877084,5.7080471032372376,5.7080471032372376,6.6547924991508056
-0.21239193609374252,0.41336891977701048,2.9309898593687836,2.9309898593687836,8.0105995205647472
-0.51524769793412728,2.4770103933598672,2.6841545071021712,2.6841545071021712,4.6638926345105768
-1.3012816861601666,-0.6738679264929668,-0.43091198115415776,-0.43091198115415776,2.893240725652782
-2.2403521437973756,-0.35267433200246632,-2.7026801667761808,-2.7026801667761808,1.5548329143979966
-0.11426627895661646,2.188656349784132,0.06645308250418536,0.06645308250418536,1.5043719359132102
0.11259442511581052,-3.1370390319172432,-2.0501063559741672,-2.0501063559741672,-0.38336748698440016
0.48792814670897464,-0.61066496389202576,-0.96459050600252688,-0.96459050600252688,1.9884587521533508
2.0038885710779208,-0.19297836067920356,1.386508465601215,1.386508465601215,7.0011347383211184
1.8043721024425392,0.33592923645465744,2.7327768007614068,2.7327768007614068,7.0377657228695336
2.6035738488136416,0.73463739539708032,4.4842084259723016,4.4842084259723016,11.163216501731168
1.9466009769759592,-1.0675276186264054,3.4414358569236264,3.4414358569236264,10.395563685630362
3.0039991839388904,1.324882522829472,5.6521348783813344,5.6521348783813344,13.400659008330728
1.2861053649104728,0.32386973843980348,4.3388816210090024,4.3388816210090024,11.378560144346242
2.4143972989080344,2.0792873156268912,6.0393392303513592,6.0393392303513592,13.81012489530766
2.5324737950006568,2.7997528661460988,7.5119704164786048,7.5119704164786048,16.385639875062414
0.50516677083703552,3.3662512057182676,6.6175278230791256,6.6175278230791256,15.173901976039068
0.072339012602125712,-0.29370677980452296,3.1755081782785224,3.1755081782785224,12.858584739552536
0.01571250363827821,-2.3980240088193632,-0.075150213396014832,-0.075150213396014832,6.8897466296272264
0.4912336762686588,-4.43202739315512,-2.648760605637932,-2.648760605637932,7.7703529844840752
0.41191246004064016,0.66529616711010856,-0.44676052580124984,-0.44676052580124984,5.2481931760645792
0.59861914994243136,2.8108447329361252,2.3428302000970936,2.3428302000970936,5.7949884325447384
-0.39322949541759536,6.67520878526758,5.4508317543182568,5.4508317543182568,3.9131589982938408
0.53217460464687408,3.016164350914844,5.3689055274463936,5.3689055274463936,2.5733956653930196
0.44039814611780232,1.9989602894847284,4.5241231124803088,4.5241231124803088,3.751908779112172
0.76874494169419168,0.54074597434299872,3.4093286799744456,3.4093286799744456,4.4782804126868952
0.7247859874573616,1.6777032749816046,3.603842619931708,3.603842619931708,3.3279761639740828
-1.747031167373476,-0.99671652720787104,-0.64281142645313168,-0.64281142645313168,0.45481261011076032
-2.540333601633904,-1.6732677736701798,-4.033026756429596,-4.033026756429596,-5.3607113713976288
0.09982201367648136,0.094229397250209616,-1.85073078646317,-1.85073078646317,-2.6781561749993756
-1.311191845796172,-1.1247352946623656,-3.0238719452914128,-3.0238719452914128,-4.7044493777461344
-0.69458481719470576,1.0413896366046666,-1.4775480442171456,-1.4775480442171456,-0.021958413426055756
-0.95304659732871616,0.54000135806283944,-1.3138196687933014,-1.3138196687933014,-1.1050247061957506
-1.579473276269228,-1.857849773107806,-3.5368779518413432,-3.5368779518413432,-6.191388088817012
-0.88053306699626592,-1.5207722193470836,-3.713512596459896,-3.713512596459896,-4.816944682378452
-0.27670695851832396,-3.9104821542951504,-4.8708007647548784,-4.8708007647548784,-3.5135903155968448
0.0825605685295768,-5.8296317272582264,-6.4335820229286192,-6.4335820229286192,-1.0837509359113268
0.35826510319687512,-1.5836509903859266,-3.9670816015375824,-3.9670816015375824,-5.1286367734094048
0.4371430231710908,-1.3472365082653476,-2.489463333383444,-2.489463333383444,-1.7222331573099534
1.8866049943662568,-3.7951596247764888,-2.0147384096690076,-2.0147384096690076,-0.50131079406233512
2.0416934811101016,-4.0186517955332928,-1.778731980597707,-1.778731980597707,4.1224815748573968
1.1941100359146522,-3.1360184883248044,-1.8904688962115644,-1.8904688962115644,5.2405969943964744
1.054618986709382,-0.3189123994945706,-0.11385414104259972,-0.11385414104259972,4.7263904349130456
-0.32379538764634184,1.2704823597996612,0.50861519369212112,0.50861519369212112,4.098477116035088
-0.55638995325328632,2.6782720280309332,1.5727080632144274,1.5727080632144274,1.2210355433892892
0.042724352441090744,-2.075178765744618,-0.62354675197292808,-0.62354675197292808,1.7185037464575106
2.9148577978222812,-2.77736395670932,0.65892965213929336,0.65892965213929336,9.8204869676867568
3.0665670675182884,-0.017283716693019758,3.3839332919028212,3.3839332919028212,15.11783514690666
3.5974664176819484,1.8172265300338076,6.561491634657024,6.561491634657024,15.008154086611512
3.2591294583314924,1.2701291406582496,7.4289656741207792,7.4289656741207792,16.25476752040565
2.2559643476053228,-1.9480973583657448,4.6067790338096912,4.6067790338096912,11.682004300285132
2.1916316609633996,-5.1696655184710176,0.87625531493853344,0.87625531493853344,11.957467365193718
3.4317438901708064,-1.1727024023085782,3.0489798660240684,3.0489798660240684,15.884742117306646
2.4812025974148976,0.81354399872728144,4.5751733295360288,4.5751733295360288,12.063327480382216
2.2728511834554016,-1.7220159112516596,3.3550267103472544,3.3550267103472544,12.105647908204654
0.70983394919619424,0.1305757249821643,2.478750311857336,2.478750311857336,12.969548657766314
-0.63760554003302904,1.3233541312047372,1.5281175077389548,1.5281175077389548,8.5806160702607184
-0.55891816257683192,-1.6755061673431704,-0.96771372584757376,-0.96771372584757376,5.577100025462024
0.58339092293542168,-1.300758345501814,-0.81099678183963488,-0.81099678183963488,5.2543815459358264
-0.95262965304399568,-0.073323975178631984,-1.4094548265888556,-1.4094548265888556,3.1948814947886888
-0.91094827999152096,-0.4832407439351948,-1.9539442140405852,-1.9539442140405852,-1.4982640457611046
0.88132673549589088,1.7543494491858544,1.1323992429056964,1.1323992429056964,4.1082501009455744
0.65586104846580864,-1.7634185620032538,-0.0123323234836209,-0.0123323234836209,4.78651757102958
1.6746317752528898,-1.6616754965292312,0.50529276594061744,0.50529276594061744,10.89823966901163
0.65034119154391464,-3.979444852383636,-1.8826238221543216,-1.8826238221543216,8.8661901238290384
0.88888617763625136,0.24225625220405232,0.11715364310192722,0.11715364310192722,5.9161296653476192
2.8309972513632708,4.3350511357217912,5.924109867919488,5.924109867919488,11.014937224173028
1.5831799247545804,5.91702890829632,8.6871550945217472,8.6871550945217472,10.961848331462512
0.87352783344183008,2.356694801232864,6.8667917415657096,6.8667917415657096,8.8813250537219888
0.62441908104051936,3.2331508473862636,6.3210205449937592,6.3210205449937592,7.5500960747197104
1.3422615689289252,1.2842800128491492,5.4017678504202096,5.4017678504202096,7.3422693852255984
1.7575182237142002,-0.65722210140380392,3.9983466779416424,3.9983466779416424,8.0841848916761584
2.1458994181348192,-3.5956757947842152,1.6280997007566898,1.6280997007566898,13.113957819478256
2.7857442414072784,-0.82446045295712528,3.0226717747156356,3.0226717747156356,16.4348689543552
2.9090667581234384,0.47193581491381544,4.7507577159209272,4.7507577159209272,16.354248995200812
1.8438359286815468,2.2198597355667188,5.7731166015387136,5.7731166015387136,16.147081259555528
-0.23674935821200592,2.1930992864373192,4.1849784430634752,4.1849784430634752,10.092683153618724
0.75738803936219408,3.1557246221369128,5.0588844963897712,5.0588844963897712,10.363355751625348
1.0947737702625258,0.68481322701597432,4.1035852773685928,4.1035852773685928,9.9431298452634704
1.6924217749721078,-2.153480532520546,2.2367780408920224,2.2367780408920224,13.045592829119038
2.1721056377089036,-2.57866091985512,1.485432014256331,1.485432014256331,14.669403062498958
2.5180790320688088,1.6091347196670506,4.3871893429639096,4.3871893429639096,13.797517534029158
3.7787305008358848,-2.0774221962251876,4.5181296349602088,4.5181296349602088,18.96689906804958
3.94808976294548,0.24482075996165344,6.3785291123987416,6.3785291123987416,22.68963601241318
2.5576766609234508,-3.604350016962288,3.22389620524922,3.22389620524922,20.030141439063068
1.5351420790156232,-0.78318879323255712,2.5988580263774432,2.5988580263774432,20.169451679101088
1.2446738019048082,1.1791741349057818,3.3695247095275772,3.3695247095275772,16.684089821255942
-0.31076734201846656,0.53529207584236016,1.748699465834974,1.748699465834974,11.109447506282406
2.5027653782884884,-2.7752034269807144,1.4344727123194754,1.4344727123194754,16.44550935551393
1.2334241488000098,-1.7043496539483298,0.75761574719591664,0.75761574719591664,12.400276421093494
0.98712765611746608,-0.62456288732888288,0.9287415085852064,0.9287415085852064,11.7345545992061
1.5341915157109062,-3.24517916905717,-0.27306314833650936,-0.27306314833650936,13.093001933115496
1.8093227035608572,-0.10756853597676152,1.5974931542088692,1.5974931542088692,13.575245642928554
0.088565181442310064,2.4799030794280328,2.6232439141463676,2.6232439141463676,8.6255462471282496
0.81159903771507168,1.875542397258826,3.4361006728694332,3.4361006728694332,8.2687085611199264
0.4095388601226888,3.3490669509073944,4.4719360621925816,4.4719360621925816,5.885384582355508
0.78358581826429904,1.3472901365084196,3.9626569449164832,3.9626569449164832,9.1404431666783472
2.5608500607798064,-1.3426178976088754,3.6023460049118352,3.6023460049118352,13.675349316977898
1.3121604280345058,0.39531822485350928,3.39005618788788,3.39005618788788,11.221097573430022
1.624618570413529,-0.97457845719244448,2.637441744322758,2.637441744322758,11.85040752214102
0.3990389408025288,-5.9302714407479344,-2.4334301955596464,-2.4334301955596464,9.9739292820966224
1.4464210092745516,-6.1974344692513784,-4.108498216981236,-4.108498216981236,10.617581243398474
1.432621275947396,-6.3658900965270776,-5.077750900112176,-5.077750900112176,13.296705012375422
2.0555267738664712,-3.8640467990251568,-3.1881814355072264,-3.1881814355072264,13.854726058686512
4.179209603305152,-0.40662552793260872,2.3004810159987124,2.3004810159987124,20.712998802085308
2.7516425474359984,2.2798103728087128,5.4977503164014536,5.4977503164014536,18.019078640660396
2.9707219058050092,0.9622414136028416,6.3931660535277256,6.3931660535277256,17.40942620078183
2.1358737248844008,2.0476277573599612,6.765796181800236,6.765796181800236,14.406516237483842
0.30778750424266032,4.3030277034767944,6.7028049875765336,6.7028049875765336,10.351390571486362
-0.16032000753407228,4.1979285942818944,6.12963250225152,6.12963250225152,7.1352217063121352
0.48115601692099096,-2.0975531276021392,2.0776850787252536,2.0776850787252536,7.4268143541751664
-0.45267441871348984,-3.2563746950273284,-1.6932941658699924,-1.6932941658699924,6.2550991008163016
-2.1281817941271504,-1.4880317639517768,-4.0164511118283904,-4.0164511118283904,1.7181552045680098
-2.0756771666696948,-1.7243657691981932,-5.2909587610226248,-5.2909587610226248,-3.0929033497603264
-1.668729543089135,3.8291251554516808,-1.6338213147842708,-1.6338213147842708,-6.0662747809782912
-2.0936385389728324,-1.4098008127661114,-3.8974097653012464,-3.8974097653012464,-7.5290694681111168
-2.135782475428214,-1.610607823722752,-5.2119128346847632,-5.2119128346847632,-7.5309414151288336
-1.2918992486773488,-3.641765396266336,-6.4470914434061648,-6.4470914434061648,-7.3239843500158
-2.2244789035250364,-0.78858218399825456,-6.0000321540268968,-6.0000321540268968,-8.3804157452610064
-3.563619094317164,3.2555358630147168,-4.2847600672203112,-4.2847600672203112,-14.912454059155608
-3.3782753184803948,1.0805581672917804,-4.764264634986304,-4.764264634986304,-16.569604484747816
-1.8576958950576356,-0.11647855652437428,-4.3213632021178496,-4.3213632021178496,-11.891253793982912
-1.8768708904570732,0.38591712183003128,-3.767410506234976,-3.767410506234976,-12.245186738073674
-0.78627314506082272,1.2039706761859126,-1.827198924848172,-1.827198924848172,-7.0625351539475936
-0.40009107923135936,-0.87078320488068224,-1.9232387850719232,-1.9232387850719232,-6.4084063061266304
-0.97977920018318224,-0.0034228168509878864,-1.9437945645148352,-1.9437945645148352,-6.1703362789336112
-0.39379679240705688,-2.4108539455495776,-3.0532918365491784,-3.0532918365491784,-8.4767230076220896
-0.42531068120929824,-2.71123698147399,-3.8498224865156808,-3.8498224865156808,-7.4939750272998368
-1.0386696303099816,1.344253811838728,-2.0226032052807124,-2.0226032052807124,-10.42277004188416
-1.1528971769735476,-1.4349235336962694,-3.1686452532012924,-3.1686452532012924,-7.183154653528948
-0.66887249047357424,-0.64421380682832016,-2.7041447818540444,-2.7041447818540444,-7.7173616935642512
-1.3533716654166534,2.2594029267391596,-1.123862007626264,-1.123862007626264,-13.622649159832904
-2.8220989578341672,2.4074607914005208,-1.6988074076669348,-1.6988074076669348,-14.92507238016471
-0.11579856477927696,0.6074326952455432,-0.53999938194086416,-0.53999938194086416,-6.0822506388591096
-0.96685568828554496,-0.013493210366856606,-1.2463006265127768,-1.2463006265127768,-7.6060504896909264
-2.2011422620401744,-2.6400479834148904,-4.6723261636869856,-4.6723261636869856,-9.3716836456504928
-1.5350588115258816,0.87291888050540384,-3.260178677015592,-3.260178677015592,-10.145883508007538
-0.039668152917180952,2.7596774586103708,0.2620167296022826,0.2620167296022826,-5.9087293509564984
-1.543364526440918,2.2181601446829292,0.14035593963827386,0.14035593963827386,-6.112492815164084
0.6700879328967044,-3.5009858531020924,-1.7104241944556228,-1.7104241944556228,-1.7420550227089014
2.3383865197082196,1.6756316872712012,2.6561166035702488,2.6561166035702488,2.9021605474123584
1.8080183713223164,3.1611956928437932,5.348913658098096,5.348913658098096,1.6370520439609822
