dum_430,dum_600,dum_750,y,y1,z
0,0,0,0,0,0
0,0,0,-0.47853180089021488,-0.47853180089021488,-1.4172888840413174
0,0,0,1.4530625932726368,1.4530625932726368,-3.8943312618247096
0,0,0,2.5657359764199192,2.5657359764199192,-3.5449088560340184
0,0,0,0.17556895521994864,0.17556895521994864,-6.2288586244400824
0,0,0,1.489592593799634,1.489592593799634,-4.2100783886163024
0,0,0,1.870301110262456,1.870301110262456,-5.388796470731756
0,0,0,0.30249063666889532,0.30249063666889532,-2.0049773552033456
0,0,0,2.7774393809654844,2.7774393809654844,-0.98626480786864096
0,0,0,1.3166556888245702,1.3166556888245702,0.35459596208085688
0,0,0,2.73540238659752,2.73540238659752,2.355774481993974
0,0,0,3.2324591660922796,3.2324591660922796,3.1772175568096532
0,0,0,2.31737803139346,2.31737803139346,2.5030668527233088
0,0,0,1.817626198609444,1.817626198609444,-1.8409216601086356
0,0,0,1.0314467491627388,1.0314467491627388,0.021956483899017832
0,0,0,0.04839594730041652,0.04839594730041652,3.8065273550391592
0,0,0,1.0160971346505514,1.0160971346505514,1.1036133118016622
0,0,0,1.6466587725584032,1.6466587725584032,-0.22753293992463652
0,0,0,-0.81684255499159472,-0.81684255499159472,1.7769704019766284
0,0,0,-0.1217651024745512,-0.1217651024745512,0.1802372642442258
0,0,0,0.47136898688417504,0.47136898688417504,-3.383209852368444
0,0,0,1.4801780235172764,1.4801780235172764,-2.214207749467506
0,0,0,1.4350422126956386,1.4350422126956386,-1.0728325200051168
0,0,0,0.24276522677720648,0.24276522677720648,-4.5631722169635472
0,0,0,1.227107903712817,1.227107903712817,-2.2961645760600992
0,0,0,0.95366245204420256,0.95366245204420256,-1.3485235364006128
0,0,0,2.2629684767978584,2.2629684767978584,-1.9930260294699708
0,0,0,-0.71105832764814592,-0.71105832764814592,-4.1581755488453264
0,0,0,2.1866309349679788,2.1866309349679788,-2.6222962489102216
0,0,0,2.790195589247896,2.790195589247896,-2.2238853770402624
0,0,0,-2.1862257591037496,-2.1862257591037496,0.3928364717756472
0,0,0,2.1201542398118128,2.1201542398118128,1.7741133382485268
0,0,0,1.5865367294576148,1.5865367294576148,2.5743117760300772
0,0,0,0.92965577544979664,0.92965577544979664,2.8668209001069132
0,0,0,3.6664709315693288,3.6664709315693288,2.1395010719503396
0,0,0,1.1590036733509772,1.1590036733509772,5.191757515886316
0,0,0,1.327711755651618,1.327711755651618,3.9052678387202272
0,0,0,0.64848860586944592,0.64848860586944592,4.6607635891190536
0,0,0,0.41496569237570016,0.41496569237570016,7.6818617933336176
0,0,0,0.38044733385665896,0.38044733385665896,4.4063861135529008
0,0,0,-0.27570957252006156,-0.27570957252006156,4.6752573251805128
0,0,0,0.5870698659612564,0.5870698659612564,0.76013672937299728
0,0,0,0.62783843872808328,0.62783843872808328,-0.58502750464847976
0,0,0,2.094008417884014,2.094008417884014,-2.151176110968152
0,0,0,0.95028902747663552,0.95028902747663552,-1.9563725590004796
0,0,0,3.6286027096110952,3.6286027096110952,-3.5443364503652224
0,0,0,1.9729559024542796,1.9729559024542796,-2.7866188074380088
0,0,0,2.7422916889769944,2.7422916889769944,-2.8565359653702348
0,0,0,3.088764987934458,3.088764987934458,-1.5999355275678692
0,0,0,2.5408733835428068,2.5408733835428068,-2.8491260208697576
0,0,0,1.6174545339826518,1.6174545339826518,-2.4054219911530016
0,0,0,2.3875697342263268,2.3875697342263268,-1.4060553836646332
0,0,0,0.011928982160593016,0.011928982160593016,0.63879197261455992
0,0,0,0.67263338948487464,0.67263338948487464,2.9367068812965904
0,0,0,2.48943441762086,2.48943441762086,1.5788125825367822
0,0,0,0.43604820536243408,0.43604820536243408,2.8746707277033384
0,0,0,2.4704460756787504,2.4704460756787504,0.6563035130279924
0,0,0,1.6541322690316178,1.6541322690316178,3.2084091595873644
0,0,0,1.3671084233850614,1.3671084233850614,4.1094649918101624
0,0,0,0.36327962900226552,0.36327962900226552,3.2454752531076652
0,0,0,2.7486390859084008,2.7486390859084008,3.0960768172610532
0,0,0,2.3709872506466724,2.3709872506466724,-0.12409948881962318
0,0,0,0.34262126326405908,0.34262126326405908,1.6756832535549862
0,0,0,-1.9377009084811068,-1.9377009084811068,5.1864352550197432
0,0,0,1.3963563441477214,1.3963563441477214,-0.3546045142137544
0,0,0,1.0466764130820812,1.0466764130820812,-0.034309608687360992
0,0,0,-1.4601166788319504,-1.4601166788319504,0.69062655990274824
0,0,0,0.94859516553734784,0.94859516553734784,2.8216146108471304
0,0,0,2.2749973191381132,2.2749973191381132,4.9767601530436864
0,0,0,0.3605097313394052,0.3605097313394052,4.5167510271672232
0,0,0,2.152752502502808,2.152752502502808,3.5207749428941004
0,0,0,1.014676431996899,1.014676431996899,0.59079929957007192
0,0,0,0.84910910928657616,0.84910910928657616,3.3064462987847532
0,0,0,1.7646267338941884,1.7646267338941884,2.9281085698966616
0,0,0,-4.5457603553655728,-4.5457603553655728,2.2424932756559592
0,0,0,0.73570889013439488,0.73570889013439488,2.3963021700702444
0,0,0,1.498190717819938,1.498190717819938,0.8951067780910384
0,0,0,1.5803179712611514,1.5803179712611514,1.0875041215186796
0,0,0,-1.2672920633857862,-1.2672920633857862,-0.6741362899090552
0,0,0,1.405458651361716,1.405458651361716,-1.5356346985869828
0,0,0,2.7429311754349212,2.7429311754349212,-0.12250943452520046
0,0,0,3.0847692773789564,3.0847692773789564,0.22507446971377256
0,0,0,0.55519216273566864,0.55519216273566864,-0.46268716196839264
0,0,0,0.39827957357393416,0.39827957357393416,1.9338351741540624
0,0,0,0.89464268213006208,0.89464268213006208,0.83804828992194144
0,0,0,2.3818453023014196,2.3818453023014196,-2.5581265147545036
0,0,0,-0.68250274137142464,-0.68250274137142464,-2.6883603874396976
0,0,0,1.6366083439510288,1.6366083439510288,-4.0754159329835248
0,0,0,2.3920798887530976,2.3920798887530976,-5.1081607998043344
0,0,0,3.3049984624467708,3.3049984624467708,-1.0235552963042984
0,0,0,1.0641184988114136,1.0641184988114136,-1.2130632014028824
0,0,0,-0.12966818133484904,-0.12966818133484904,0.0083731625006815408
0,0,0,2.436854040603542,2.436854040603542,-3.3886854004195212
0,0,0,2.9505502948726692,2.9505502948726692,-3.0876062742374008
0,0,0,2.4769287846359136,2.4769287846359136,-5.0814629858643544
0,0,0,2.3807104619596492,2.3807104619596492,-1.1078548084762594
0,0,0,-1.0397012748444912,-1.0397012748444912,1.4627251994299604
0,0,0,2.634460249079618,2.634460249079618,1.4477747422765824
0,0,0,-1.1546988822275868,-1.1546988822275868,0.60214623273805048
0,0,0,2.616198878983914,2.616198878983914,0.17099026552065998
0,0,0,-0.091131931043772144,-0.091131931043772144,-1.4762912318981308
0,0,0,1.7162899704655898,1.7162899704655898,1.4404076336198512
0,0,0,1.233259756033529,1.233259756033529,0.36043080720201936
0,0,0,1.1319405988966778,1.1319405988966778,-2.9817025580096104
0,0,0,0.54437216462916048,0.54437216462916048,-1.3109066149590544
0,0,0,0.30925206825427976,0.30925206825427976,-1.6529047272617956
0,0,0,1.9786877096143744,1.9786877096143744,0.40665813777140248
0,0,0,2.1269726828846812,2.1269726828846812,-2.37539172206994
0,0,0,2.2018513473133404,2.2018513473133404,-3.754701153125796
0,0,0,3.915882352941172,3.915882352941172,-2.8000421419415344
0,0,0,1.2897212487078738,1.2897212487078738,-4.0368657657253608
0,0,0,-0.72893500861631152,-0.72893500861631152,-1.6878890440474974
0,0,0,-1.2062428019418698,-1.2062428019418698,-2.651339430740192
0,0,0,0.2729616501054176,0.2729616501054176,-0.63464775171553464
0,0,0,-2.0931947833268588,-2.0931947833268588,-2.9197745056733964
0,0,0,-0.27560000937732144,-0.27560000937732144,-3.28765956602765
0,0,0,1.715893188950824,1.715893188950824,-5.7465395027782648
0,0,0,0.95138813421126624,0.95138813421126624,-3.221631058365852
0,0,0,0.34060535400085412,0.34060535400085412,4.5772703932517192
0,0,0,-1.3636864145240048,-1.3636864145240048,2.8049927166752696
0,0,0,-0.6422186834080068,-0.6422186834080068,0.859717142776256
0,0,0,-1.5127488450024522,-1.5127488450024522,-1.2685619880916628
0,0,0,0.3002642699380662,0.3002642699380662,0.082242889644238864
0,0,0,4.1276393973951136,4.1276393973951136,-0.050580725798501136
0,0,0,1.1182501123625018,1.1182501123625018,-0.34508094226576736
0,0,0,3.8781665172597432,3.8781665172597432,-0.51978825374738104
0,0,0,2.1787565594044048,2.1787565594044048,0.83695768542365712
0,0,0,1.0295937236127216,1.0295937236127216,2.1848415161941768
0,0,0,3.1344235165794832,3.1344235165794832,4.0000529515080904
0,0,0,-0.12607184855268904,-0.12607184855268904,4.0385281308234832
0,0,0,-0.67054606381624592,-0.67054606381624592,3.3590339616346864
0,0,0,2.7259289303448768,2.7259289303448768,6.4082520137251056
0,0,0,0.52191352580302288,0.52191352580302288,7.30113381544332
0,0,0,3.4032322557106572,3.4032322557106572,7.8939791264320432
0,0,0,2.650971119901004,2.650971119901004,3.2813279034917916
0,0,0,1.7351452399113322,1.7351452399113322,1.2979544315207976
0,0,0,1.8302640877835192,1.8302640877835192,2.5054729608746336
0,0,0,1.5034157845191214,1.5034157845191214,-0.9616819763636568
0,0,0,-2.1764481470095504,-2.1764481470095504,-0.69185861863904432
0,0,0,1.718122631271113,1.718122631271113,-2.504578368026886
0,0,0,-0.33755687308101256,-0.33755687308101256,-2.771188633730686
0,0,0,1.2319191513312354,1.2319191513312354,1.9709015075195924
0,0,0,0.19078925787891188,0.19078925787891188,-0.083297592880301472
0,0,0,2.1950880677739808,2.1950880677739808,0.99297539226239792
0,0,0,-0.8083504819614464,-0.8083504819614464,-0.04263746274928704
0,0,0,3.3403392479199548,3.3403392479199548,-0.53187556772158792
0,0,0,2.0459677676010892,2.0459677676010892,1.7164699465896592
0,0,0,2.6813403709812236,2.6813403709812236,3.5576808740352312
0,0,0,0.37424984863710024,0.37424984863710024,5.2504642175168976
0,0,0,-0.71044329919478952,-0.71044329919478952,2.8384276539331988
0,0,0,3.7403523248417448,3.7403523248417448,1.8742630240760856
0,0,0,4.2199697928060272,4.2199697928060272,2.1523128028574644
0,0,0,3.3185714959612324,3.3185714959612324,0.4970979485993288
0,0,0,-0.40200953808964072,-0.40200953808964072,1.3842610437672444
0,0,0,2.0295822741639252,2.0295822741639252,-2.076984647658028
0,0,0,1.5197984115520318,1.5197984115520318,0.65041978638739352
0,0,0,0.37900627368852376,0.37900627368852376,-0.013376222907675872
0,0,0,0.2240011132449974,0.2240011132449974,0.048766841698875032
0,0,0,-0.66250684821836784,-0.66250684821836784,2.1863563980567856
0,0,0,0.53238409701142112,0.53238409701142112,1.9901758475253136
0,0,0,-0.95736124792480176,-0.95736124792480176,1.953290291131542
0,0,0,0.51412372929622328,0.51412372929622328,1.52885320580878
0,0,0,-0.10424810894684678,-0.10424810894684678,5.1074347760449016
0,0,0,2.7143757096405164,2.7143757096405164,0.074314691759491232
0,0,0,-0.24447791689006792,-0.24447791689006792,-0.094336484050169536
0,0,0,-2.4099577646493576,-2.4099577646493576,-0.24305647355898772
0,0,0,1.3610599476406846,1.3610599476406846,0.67034834641566208
0,0,0,0.8764571398584136,0.8764571398584136,2.6922093865377524
0,0,0,-0.68378518209127104,-0.68378518209127104,2.703155372595002
0,0,0,2.2084611434456896,2.2084611434456896,2.1765189576665992
0,0,0,0.057131564288113832,0.057131564288113832,-0.4612521597692996
0,0,0,1.7323531531186938,1.7323531531186938,2.3965256919377992
0,0,0,1.5544546151942582,1.5544546151942582,0.81094242277784144
0,0,0,2.7092080190627376,2.7092080190627376,-1.385714136583808
0,0,0,1.6380949721139882,1.6380949721139882,0.67066836661771712
0,0,0,3.3221728944541996,3.3221728944541996,1.2071632493052502
0,0,0,1.9008410555299508,1.9008410555299508,-1.627296583136791
0,0,0,-1.2988934789117988,-1.2988934789117988,-2.1007979749226912
0,0,0,2.12051275957852,2.12051275957852,0.81762205932968256
0,0,0,0.26857090988695952,0.26857090988695952,2.0791568120389064
0,0,0,0.010635223516444304,0.010635223516444304,0.57056120339390728
0,0,0,1.2264516514964728,1.2264516514964728,0.16122944118554644
0,0,0,0.21563441580607436,0.21563441580607436,-3.8841723829684088
0,0,0,1.935957895791804,1.935957895791804,-4.8100259974131952
0,0,0,1.9457664631336948,1.9457664631336948,-3.7915557612716544
0,0,0,1.8203495795808692,1.8203495795808692,-2.9486103705734692
0,0,0,-3.1100465849734932,-3.1100465849734932,-2.2592778931185948
0,0,0,4.1433961346084816,4.1433961346084816,-0.71476362241550192
0,0,0,0.21304755900763996,0.21304755900763996,-0.53449909987837408
0,0,0,-0.569374987093882,-0.569374987093882,-1.0318469691576984
0,0,0,3.3434440740080592,3.3434440740080592,1.4295616140000504
0,0,0,2.6311387152964728,2.6311387152964728,5.2618897136833152
0,0,0,4.1073438245167744,4.1073438245167744,4.8515523351467976
0,0,0,-0.30698582424518416,-0.30698582424518416,5.1051529270124352
0,0,0,-0.30744459224233968,-0.30744459224233968,0.30526261276564392
0,0,0,3.0395483705409044,3.0395483705409044,-1.0085258071681702
0,0,0,1.5989235545575994,1.5989235545575994,-1.1215401612803356
0,0,0,1.2967780683870874,1.2967780683870874,-1.2334677194635066
0,0,0,2.858395303840002,2.858395303840002,2.8127673218286144
0,0,0,3.0400555780818972,3.0400555780818972,0.063883618750533392
0,0,0,-0.41800731899868952,-0.41800731899868952,-2.291734827349284
0,0,0,1.1427279257587046,1.1427279257587046,-1.5734088400644822
0,0,0,1.5414815545871162,1.5414815545871162,-3.32691311821503
0,0,0,2.9398549350450264,2.9398549350450264,-6.7987276405630144
0,0,0,-0.4848640515426992,-0.4848640515426992,-5.940867378344432
0,0,0,0.97576145657017824,0.97576145657017824,-3.208275665590584
0,0,0,-0.15535482584117854,-0.15535482584117854,-2.1031318263441392
0,0,0,-0.424038521272134,-0.424038521272134,-1.3326131492527674
0,0,0,0.057397537968966624,0.057397537968966624,-2.7351266418913908
0,0,0,-2.445071323000606,-2.445071323000606,-3.8642162748685664
0,0,0,0.036760417969212144,0.036760417969212144,-2.9029558248796328
0,0,0,-0.21336336479170416,-0.21336336479170416,2.0843490744461048
0,0,0,1.2024473460429734,1.2024473460429734,0.20972826788723188
0,0,0,-0.76541172831906528,-0.76541172831906528,1.7692912147551064
0,0,0,-3.7632672791218888,-3.7632672791218888,1.5265009069168952
0,0,0,1.9496907882116388,1.9496907882116388,0.14322363187591558
0,0,0,2.2841134844510112,2.2841134844510112,-1.284211385595287
0,0,0,1.2977282089682558,1.2977282089682558,2.1690705388352632
0,0,0,-0.0080020062852383952,-0.0080020062852383952,1.2685492292727254
0,0,0,0.19712322596963372,0.19712322596963372,0.54873594823878536
0,0,0,0.45627713622665776,0.45627713622665776,-1.9831260258151092
0,0,0,0.6263849822846352,0.6263849822846352,-0.80696964009407408
0,0,0,2.2037959585908204,2.2037959585908204,0.54159233318097568
0,0,0,-1.3988301765912806,-1.3988301765912806,-1.282136444800924
0,0,0,-1.4145638958338886,-1.4145638958338886,0.03995137960847572
0,0,0,0.32190979820895316,0.32190979820895316,0.21101658711933852
0,0,0,-1.2886145391755184,-1.2886145391755184,-2.6940852017316252
0,0,0,-0.94065346993500912,-0.94065346993500912,-4.8493568443374224
0,0,0,-0.60840942788259376,-0.60840942788259376,-5.706304946984288
0,0,0,1.2337682421898342,1.2337682421898342,-5.2690578492767432
0,0,0,0.8235465340341824,0.8235465340341824,-5.006964767069328
0,0,0,-1.2200570182441766,-1.2200570182441766,-2.4613342603422032
0,0,0,0.61579987058143448,0.61579987058143448,-2.192268166874626
0,0,0,0.9003395224918928,0.9003395224918928,-1.1734392082311368
0,0,0,-0.5158534069756748,-0.5158534069756748,-1.7861898072375436
0,0,0,3.473128630939982,3.473128630939982,0.63389524600689632
0,0,0,0.98569028236884896,0.98569028236884896,0.54489196274704432
0,0,0,2.3675442013195916,2.3675442013195916,-0.129090536582465
0,0,0,-0.012423242138782208,-0.012423242138782208,1.2585500457383944
0,0,0,0.5372230104851268,0.5372230104851268,-0.86875316396302944
0,0,0,1.3664044513320262,1.3664044513320262,-1.8375021621901652
0,0,0,3.439376638252826,3.439376638252826,-2.3740129162114892
0,0,0,0.51470391862845008,0.51470391862845008,-2.5702988927139268
0,0,0,-0.75461077009629792,-0.75461077009629792,-0.99406557119073152
0,0,0,2.0188946068328372,2.0188946068328372,1.8404174418736436
0,0,0,0.8044658103704872,0.8044658103704872,0.065613667115846704
0,0,0,1.3050015045879612,1.3050015045879612,0.11539986064995328
0,0,0,1.683439083746831,1.683439083746831,-0.84018346568200368
0,0,0,0.80799882401545568,0.80799882401545568,-0.51203309743168176
0,0,0,4.5994184524114872,4.5994184524114872,-2.3096509499463328
0,0,0,0.42760439975999272,0.42760439975999272,-0.23513162739873004
0,0,0,1.727844851850476,1.727844851850476,-3.5140074902436548
0,0,0,-0.84223210098015152,-0.84223210098015152,2.0060931053429188
0,0,0,-0.62823655212168192,-0.62823655212168192,2.306173150199224
0,0,0,-1.4059201713009602,-1.4059201713009602,3.2943323851569212
0,0,0,2.5727197276668624,2.5727197276668624,3.2143611781003044
0,0,0,1.5575646112237714,1.5575646112237714,2.982352747495884
0,0,0,-0.18398496966369572,-0.18398496966369572,3.569453396836204
0,0,0,0.57937100093293848,0.57937100093293848,1.5389024321558558
0,0,0,-0.6534252570666872,-0.6534252570666872,-1.9193634570145488
0,0,0,1.5308810669636264,1.5308810669636264,-3.8618804929705784
0,0,0,-1.931017784398798,-1.931017784398798,-6.4726933827490752
0,0,0,0.92812644184752016,0.92812644184752016,-2.1681283200180828
0,0,0,1.3193946648513846,1.3193946648513846,-2.000847098610524
0,0,0,-0.42246723711173104,-0.42246723711173104,-2.4686937811082172
0,0,0,1.896308989833322,1.896308989833322,3.3119249293205684
0,0,0,-2.6172116703353856,-2.6172116703353856,1.6273636765407338
0,0,0,1.7178077148333922,1.7178077148333922,-0.29317189132727316
0,0,0,3.0748915594959052,3.0748915594959052,0.91892684881580656
0,0,0,2.0122990906232176,2.0122990906232176,0.78247359020985936
0,0,0,1.173443362167909,1.173443362167909,0.82512989067503888
0,0,0,3.1689309525794668,3.1689309525794668,3.9239555055971744
0,0,0,0.090018189271628528,0.090018189271628528,3.2825863230921636
0,0,0,1.4729811583169596,1.4729811583169596,2.2672275730198624
0,0,0,0.12054333678861218,0.12054333678861218,-3.346236000267738
0,0,0,2.7550783924224772,2.7550783924224772,0.55313062992415144
0,0,0,2.905898715339406,2.905898715339406,-4.6274490095756304
0,0,0,1.0294474754077108,1.0294474754077108,-7.129067896649216
0,0,0,2.15455658481718,2.15455658481718,-4.9712662326446928
0,0,0,1.7310117151838334,1.7310117151838334,-0.96630894349785024
0,0,0,2.4150220769385872,2.4150220769385872,-2.663030537930986
0,0,0,-1.96387056647844,-1.96387056647844,1.9876516429933256
0,0,0,0.74784750951884096,0.74784750951884096,1.9287673398830096
0,0,0,1.5387218300144558,1.5387218300144558,2.291822312658648
0,0,0,1.553705615790718,1.553705615790718,0.96459628721288192
0,0,0,3.485787914275334,3.485787914275334,1.357651573992827
0,0,0,0.010023245496088684,0.010023245496088684,-1.2000062949083734
0,0,0,0.13680521869309282,0.13680521869309282,0.70304517053884432
0,0,0,0.4049716684475404,0.4049716684475404,1.127158037920532
0,0,0,1.3647047676458952,1.3647047676458952,0.071967462249064248
0,0,0,3.908800396756056,3.908800396756056,1.5374370877299742
0,0,0,1.7881041445902248,1.7881041445902248,4.3126306233485
0,0,0,0.99896580385852656,0.99896580385852656,4.932666319004188
0,0,0,1.1235173426767778,1.1235173426767778,2.7475237828773
0,0,0,0.46552719138962048,0.46552719138962048,4.7047159812384432
0,0,0,0.91790353862757616,0.91790353862757616,6.0505250020464176
0,0,0,2.3914172823813676,2.3914172823813676,5.1189804589979296
0,0,0,1.9376849349779564,1.9376849349779564,4.4414939696267384
0,0,0,3.4409103704041768,3.4409103704041768,5.2873715022590416
0,0,0,0.16070957741781866,0.16070957741781866,1.4783943503032302
0,0,0,0.45215681497879624,0.45215681497879624,0.60335265411138648
0,0,0,1.4269257942183068,1.4269257942183068,-0.25822976092779948
0,0,0,0.3861490040104888,0.3861490040104888,-2.3536414622961504
0,0,0,2.2145971723902952,2.2145971723902952,-1.482340890305977
0,0,0,2.456596246975308,2.456596246975308,-0.5805636085002216
0,0,0,2.7729271869016268,2.7729271869016268,-0.70582103994992096
0,0,0,1.9717045343331436,1.9717045343331436,-2.1952527320235148
0,0,0,0.29932588377017944,0.29932588377017944,0.5202319521412404
0,0,0,0.38117032514270144,0.38117032514270144,-0.76509008806078512
0,0,0,1.9400942383601644,1.9400942383601644,0.018490940920490308
0,0,0,0.48102711979016224,0.48102711979016224,-1.3501281981783674
0,0,0,-1.0780893901663688,-1.0780893901663688,-0.54542082496053856
0,0,0,3.0811087001994516,3.0811087001994516,0.15568529635788574
0,0,0,1.169170299393851,1.169170299393851,1.882702458672276
0,0,0,1.0512489498014602,1.0512489498014602,-0.97531505598276768
0,0,0,-1.0111914165339582,-1.0111914165339582,-1.443822678950002
0,0,0,0.3024635831516904,0.3024635831516904,3.5400260215520264
0,0,0,1.083645423357271,1.083645423357271,-0.59935835305683184
0,0,0,0.25391224889311824,0.25391224889311824,-1.2198370670184218
0,0,0,0.33892989972158836,0.33892989972158836,-3.1449516601737092
0,0,0,-0.3638990591334492,-0.3638990591334492,-5.4489939136574888
0,0,0,1.3833541889928516,1.3833541889928516,-7.7548033806780096
0,0,0,-0.54410433846549024,-0.54410433846549024,-6.64870250417554
0,0,0,3.1420015840729248,3.1420015840729248,-3.7821040542514136
0,0,0,3.1761144609969084,3.1761144609969084,-3.5137004910680752
0,0,0,-1.975769815620546,-1.975769815620546,-3.1543526304771172
0,0,0,-0.24334254461965844,-0.24334254461965844,-2.6353519391612928
0,0,0,0.0096889820042287408,0.0096889820042287408,-3.1511883273707092
0,0,0,1.7634499345743226,1.7634499345743226,-1.9615558354484552
0,0,0,-2.2958066496773348,-2.2958066496773348,-0.089886083237022304
0,0,0,4.3555421012547944,4.3555421012547944,4.9663191767624248
0,0,0,0.34098498492180696,0.34098498492180696,3.3122355665893268
0,0,0,1.6157817361865796,1.6157817361865796,4.394678049955628
0,0,0,1.2295874907398234,1.2295874907398234,0.92367426268604064
0,0,0,1.4776462899539772,1.4776462899539772,0.53776424092882336
0,0,0,4.6244336246218824,4.6244336246218824,-3.1354847851978348
0,0,0,4.3299853140006904,4.3299853140006904,-3.3518858209259088
0,0,0,0.6756179290136672,0.6756179290136672,-1.7992136912150862
0,0,0,0.34986207936183268,0.34986207936183268,0.43976466888066488
0,0,0,2.402498382895588,2.402498382895588,2.3628046197393372
0,0,0,2.7969635901566436,2.7969635901566436,2.282549626269674
0,0,0,0.070356033553960584,0.070356033553960584,-0.052969520382150528
0,0,0,0.6710218948865836,0.6710218948865836,-5.3331802074517008
0,0,0,2.8578455639252832,2.8578455639252832,-3.1463455170383732
0,0,0,0.85118330074405792,0.85118330074405792,0.68987900736300792
0,0,0,3.1423254026610092,3.1423254026610092,1.2978819440114774
0,0,0,0.23351591164159912,0.23351591164159912,1.2311708038913576
0,0,0,0.26489354881427852,0.26489354881427852,-1.9104552738400084
0,0,0,3.50905131610131,3.50905131610131,-5.2559665791625056
0,0,0,3.4598625611461424,3.4598625611461424,-4.603862873606184
0,0,0,-1.2603080573586566,-1.2603080573586566,-6.3821464411902456
0,0,0,-0.74544315293802384,-0.74544315293802384,-8.6207458945397632
0,0,0,3.952600608969192,3.952600608969192,-10.747288631549942
0,0,0,3.3131382458997928,3.3131382458997928,-6.989962985220056
0,0,0,1.2732145476678788,1.2732145476678788,-3.0736571565809124
0,0,0,2.6327437556855556,2.6327437556855556,-4.9130084503705312
0,0,0,1.5512302151828048,1.5512302151828048,-3.5609777952116308
0,0,0,1.1581769559772166,1.1581769559772166,-1.973964473786042
0,0,0,0.728613926103916,0.728613926103916,3.4286954912606536
0,0,0,2.9100269072349468,2.9100269072349468,1.9272717203673252
0,0,0,3.5020364808747732,3.5020364808747732,1.4710474128029454
0,0,0,3.41246715120709,3.41246715120709,1.3888314100929808
0,0,0,-0.65828607606267656,-0.65828607606267656,-1.6847607832888984
0,0,0,0.43520971039052304,0.43520971039052304,1.0476663819153488
0,0,0,-1.8848559262355568,-1.8848559262355568,1.90218731479004
0,0,0,1.3598021630733612,1.3598021630733612,1.7365957412350074
0,0,0,0.63300852150238352,0.63300852150238352,5.075078585186732
0,0,0,-0.011104758834805218,-0.011104758834805218,3.008689681878704
0,0,0,1.6630569001141624,1.6630569001141624,2.526316109893072
0,0,0,-0.21882260670183396,-0.21882260670183396,1.2838989510455944
0,0,0,0.80992458579864864,0.80992458579864864,0.79100464530858656
0,0,0,-1.1592131210894996,-1.1592131210894996,-0.91430175664014096
0,0,0,1.78553059396656,1.78553059396656,0.9157784678826664
0,0,0,-1.0272087826165408,-1.0272087826165408,1.1816821169993976
0,0,0,2.3209443749340112,2.3209443749340112,-0.9660131316083152
0,0,0,-1.1205371042855852,-1.1205371042855852,-0.12420645700193378
0,0,0,0.12131775413372802,0.12131775413372802,-0.044681179293237136
0,0,0,0.75537492598021056,0.75537492598021056,-2.677483765936668
0,0,0,-0.53906720944249152,-0.53906720944249152,-3.8418257561458
0,0,0,0.63213684931489864,0.63213684931489864,1.4032939362942586
0,0,0,-0.61122633744761792,-0.61122633744761792,1.4516559687721422
0,0,0,1.8371587263409996,1.8371587263409996,-3.652441628473744
0,0,0,0.91405794398183456,0.91405794398183456,-1.7494747600327508
0,0,0,2.7513626152339808,2.7513626152339808,-0.54876942349725144
0,0,0,0.60282273374753728,0.60282273374753728,-1.8277027130775756
0,0,0,-1.8951726419412848,-1.8951726419412848,1.1921151848406366
0,0,0,1.3058044404446792,1.3058044404446792,0.846045187724172
0,0,0,-1.8625180584636752,-1.8625180584636752,2.6799448191233936
0,0,0,-2.8712262461744756,-2.8712262461744756,-1.237428305759234
0,0,0,0.79641657873287312,0.79641657873287312,-3.9533077055817128
0,0,0,2.0970943313367772,2.0970943313367772,-0.86970243436767488
0,0,0,1.6328937643883972,1.6328937643883972,0.097394451060656032
0,0,0,3.0683114598111704,3.0683114598111704,0.2212367047061682
0,0,0,-0.94667600236893936,-0.94667600236893936,-1.0104039144011656
0,0,0,0.30615588330829648,0.30615588330829648,-1.3410865401025434
0,0,0,0.15118297498707634,0.15118297498707634,0.71347344003447664
0,0,0,-0.6162957294742288,-0.6162957294742288,-0.92251696666257248
0,0,0,3.3053048779302588,3.3053048779302588,0.95501292489570016
0,0,0,2.6518335759628128,2.6518335759628128,1.7407229713716946
0,0,0,1.9475583072554288,1.9475583072554288,2.3569370981471332
0,0,0,1.3054687006983204,1.3054687006983204,2.3836389741302292
0,0,0,0.65992044404053032,0.65992044404053032,1.2367298799705934
0,0,0,-0.0201495763959465,-0.0201495763959465,-0.2958387125792248
0,0,0,2.4821677802408316,2.4821677802408316,1.1581017336266222
0,0,0,-0.28055547478257892,-0.28055547478257892,-2.7833819967965188
0,0,0,-2.326680177507728,-2.326680177507728,1.0286305502904666
0,0,0,-0.16260992696029052,-0.16260992696029052,1.5203699330004374
0,0,0,1.5222335826831964,1.5222335826831964,2.4785340052008268
0,0,0,1.1189683067016522,1.1189683067016522,3.4499945811873224
0,0,0,2.708305007021008,2.708305007021008,4.310703167659228
0,0,0,2.7792895780500752,2.7792895780500752,3.4707092577729716
0,0,0,0.41231864239492864,0.41231864239492864,2.5441996223981864
0,0,0,2.9753095654403684,2.9753095654403684,-0.16505751074708442
0,0,0,2.0954651262831972,2.0954651262831972,1.339228174225429
0,0,0,-0.20337246188848244,-0.20337246188848244,-0.50257559566693464
0,0,0,1.4953141831339742,1.4953141831339742,0.069298493731708432
0,0,0,-0.84638811385034176,-0.84638811385034176,3.9029967888893544
0,0,0,-0.088051177585391376,-0.088051177585391376,1.733325084600867
0,0,0,0.52842987165572984,0.52842987165572984,-4.812123429150084
0,0,0,-0.83900898022193808,-0.83900898022193808,-5.2048492170078368
0,0,0,-0.81984802862797504,-0.81984802862797504,-2.983062996818114
0,0,0,3.4090227745963812,3.4090227745963812,-1.8581831893558796
0,0,0,-2.9511464553698356,-2.9511464553698356,-1.6428670884189116
0,0,0,-1.0825172948069692,-1.0825172948069692,-2.6780820180837504
0,0,0,0.9531553906993128,0.9531553906993128,-6.9684187725402696
0,0,0,-2.112846631493738,-2.112846631493738,-2.5421867254611316
0,0,0,1.6790854749818042,1.6790854749818042,-1.6801027223262906
0,0,0,-0.025467995179739412,-0.025467995179739412,-1.7362851445616536
0,0,0,0.9964600050736568,0.9964600050736568,-5.0768031757626264
1,0,0,1.607093767505549,1.607093767505549,-2.3126974541747868
1,0,0,-1.0350723430127294,-1.0350723430127294,1.6777935703369108
1,0,0,0.052006359959515968,0.052006359959515968,2.3103898070435368
1,0,0,-0.19462697043886536,-0.19462697043886536,0.20672826466199924
1,0,0,0.88021147470873392,0.88021147470873392,-2.1394900115401656
1,0,0,-2.5648307072819104,-2.5648307072819104,-2.9222394897952676
1,0,0,1.1710466022068622,1.1710466022068622,-3.8589735423378256
1,0,0,0.65936020034533112,0.65936020034533112,-4.5640567249118568
1,0,0,-2.6153968527835332,-2.6153968527835332,-1.298874183562595
1,0,0,2.6820562394191956,2.6820562394191956,-0.8813181008662024
1,0,0,-0.097018454323565856,-0.097018454323565856,-0.68188373929328984
1,0,0,-0.0026425775285989216,-0.0026425775285989216,-3.1331125601497856
1,0,0,0.6500089760782244,0.6500089760782244,-0.4842192601858928
1,0,0,1.272283444927745,1.272283444927745,-1.9595953638778288
1,0,0,-0.34037910277226628,-0.34037910277226628,-1.7144675468251138
1,0,0,-0.29672131291409152,-0.29672131291409152,-2.8435885037180576
1,0,0,-1.851792226758636,-1.851792226758636,-2.8468987654032056
1,0,0,0.46259381689874824,0.46259381689874824,-4.9724698544480256
1,0,0,1.244612459092109,1.244612459092109,-4.1534651697838264
1,0,0,-2.9082504217493948,-2.9082504217493948,-5.9829265502935856
1,0,0,-1.1089497809439742,-1.1089497809439742,-3.9510197864387776
1,0,0,-2.0804340725247816,-2.0804340725247816,-3.8147553014140056
1,0,0,2.0781351065975412,2.0781351065975412,-0.58447531172807208
1,0,0,-0.54101054939634352,-0.54101054939634352,-1.7157756577535264
1,0,0,2.4141988085701208,2.4141988085701208,0.937527899845632
1,0,0,0.13434935017741478,0.13434935017741478,-0.17461180521975294
1,0,0,-0.6319814473424764,-0.6319814473424764,0.70704895843898256
1,0,0,0.44621837528368256,0.44621837528368256,3.5643715202575828
1,0,0,-0.74948650779107712,-0.74948650779107712,1.8050550225855164
1,0,0,0.58722894197234176,0.58722894197234176,2.1093916794582644
1,0,0,-1.347736895377975,-1.347736895377975,1.2270817937164806
1,0,0,0.9629543513189544,0.9629543513189544,1.8496565556727744
1,0,0,-0.20614652957784992,-0.20614652957784992,1.1558411111014232
1,0,0,0.7560289023663888,0.7560289023663888,0.51830185173502688
1,0,0,-1.0194545628882998,-1.0194545628882998,-0.72582769841212272
1,0,0,-0.52386814766494136,-0.52386814766494136,2.0099486665005048
1,0,0,0.80023650209641024,0.80023650209641024,2.3708202561994048
1,0,0,0.38043514827800072,0.38043514827800072,3.520364708723422
1,0,0,-1.7415178125870958,-1.7415178125870958,2.938221416320806
1,0,0,0.30566320499678944,0.30566320499678944,2.4108419500636096
1,0,0,-0.64842910522325096,-0.64842910522325096,3.2114178029450936
1,0,0,2.0975211797638336,2.0975211797638336,4.4618260041750088
1,0,0,-1.0361853252648116,-1.0361853252648116,5.9734533837013456
1,0,0,-0.33143807684694792,-0.33143807684694792,3.9380318117163528
1,0,0,-1.7655036275537506,-1.7655036275537506,-2.1643650147124948
1,0,0,0.011476436873913434,0.011476436873913434,-0.83787154392513216
1,0,0,0.47333675136043,0.47333675136043,-0.85415739607574976
1,0,0,-1.3779930061229868,-1.3779930061229868,-1.2136376703668962
1,0,0,-1.459781769999371,-1.459781769999371,-0.37470182650896008
1,0,0,-1.2535865420143828,-1.2535865420143828,-1.371639787759431
1,0,0,-3.2984656037412336,-3.2984656037412336,-3.1817199287178156
1,0,0,0.040809052948010128,0.040809052948010128,-2.0704728185682028
1,0,0,-0.22481425730647608,-0.22481425730647608,-0.071597418336352584
1,0,0,1.6266586447867464,1.6266586447867464,0.83598674928473856
1,0,0,1.9416514163977516,1.9416514163977516,0.77420852808513008
1,0,0,0.17418207055471798,0.17418207055471798,2.7890643170996272
1,0,0,1.4966618518078116,1.4966618518078116,2.2961185668418996
1,0,0,-0.85767131739495568,-0.85767131739495568,-0.7329308647213544
1,0,0,-0.2882679357821472,-0.2882679357821472,0.2075588725313904
1,0,0,-0.61651463767363544,-0.61651463767363544,-2.4881345422945076
1,0,0,-0.48840515323315904,-0.48840515323315904,-2.0542170530123304
1,0,0,0.21503094573697452,0.21503094573697452,1.5585913305442268
1,0,0,-0.42653971008239024,-0.42653971008239024,2.3106154322193544
1,0,0,-0.7223201757533624,-0.7223201757533624,1.8967788727920492
1,0,0,3.2649735295628644,3.2649735295628644,3.170562658234644
1,0,0,-2.7564029589838084,-2.7564029589838084,2.7625262410979944
1,0,0,-1.1679751644106396,-1.1679751644106396,1.1571387213241264
1,0,0,-0.76297700760169936,-0.76297700760169936,2.1959554978322244
1,0,0,1.1689188528095244,1.1689188528095244,1.8814713133889956
1,0,0,1.412854335526815,1.412854335526815,-4.0396554269758504
1,0,0,0.42928734607528384,0.42928734607528384,-3.032087923258652
1,0,0,1.4772018395097872,1.4772018395097872,-2.3802099372330896
1,0,0,-2.6946179997540112,-2.6946179997540112,-0.49801987368539536
1,0,0,0.60131112213651464,0.60131112213651464,-0.55556272894695032
1,0,0,0.34079390638999884,0.34079390638999884,-0.80651271464530272
1,0,0,-0.340263646506494,-0.340263646506494,-1.0612286836890404
1,0,0,0.99675658472538768,0.99675658472538768,-1.512444783562457
1,0,0,-0.21988276886747452,-0.21988276886747452,-1.5637240247356306
1,0,0,0.072107488610788032,0.072107488610788032,-1.0648811948691624
1,0,0,-1.5325320816675292,-1.5325320816675292,0.71212627245332648
1,0,0,-2.244140084082148,-2.244140084082148,-2.1413604312620064
1,0,0,0.17618929792964238,0.17618929792964238,-2.7952382371374536
1,0,0,-2.9874723134127696,-2.9874723134127696,0.048513717244762496
1,0,0,-0.40905901104155648,-0.40905901104155648,-4.6648451795097648
1,0,0,0.92238061486030304,0.92238061486030304,-3.2969833104228692
1,0,0,-1.4064104149380406,-1.4064104149380406,-3.04095101847432
1,0,0,1.332098632577712,1.332098632577712,1.4294902873616256
1,0,0,-0.49858083007777368,-0.49858083007777368,2.3978549808427588
1,0,0,-0.98359219936141536,-0.98359219936141536,4.7029552491869568
1,0,0,-1.3927344878565174,-1.3927344878565174,3.264101083673586
1,0,0,-2.1168748964801036,-2.1168748964801036,1.9449048235025796
1,0,0,-2.213811594071048,-2.213811594071048,2.8886217314021904
1,0,0,2.441142058927078,2.441142058927078,2.625134364064402
1,0,0,2.0408917804468292,2.0408917804468292,-0.02648887812588252
1,0,0,-0.95711706073320816,-0.95711706073320816,-0.52475988485153128
1,0,0,1.8375271760853664,1.8375271760853664,-0.13997575224944098
1,0,0,-0.16666092277851552,-0.16666092277851552,-2.1315776223431976
1,0,0,0.52909894078684224,0.52909894078684224,-0.72527338603501232
1,0,0,0.6434680897048508,0.6434680897048508,-1.600049279413056
1,0,0,2.3156608407704748,2.3156608407704748,-5.2075976686998472
1,0,0,0.94845774164166976,0.94845774164166976,-2.141571292503892
1,0,0,-0.84982067418246528,-0.84982067418246528,-0.13779793908052306
1,0,0,0.05123843904040104,0.05123843904040104,-2.1445908582963372
1,0,0,0.73842825891347024,0.73842825891347024,1.0710044768459362
1,0,0,0.35569136272647696,0.35569136272647696,-4.1225659886576552
1,0,0,-1.7338246544070762,-1.7338246544070762,2.2215495266648352
1,0,0,2.0323989102724108,2.0323989102724108,2.5108741348727616
1,0,0,1.3653065231822756,1.3653065231822756,3.7069379719106576
1,0,0,1.1375061136743214,1.1375061136743214,1.9973420820314
1,0,0,0.13825951567809766,0.13825951567809766,3.0789396845241116
1,0,0,0.1363911831661505,0.1363911831661505,-1.3559110552753352
1,0,0,-1.9760787462635236,-1.9760787462635236,1.5664746704274626
1,0,0,3.2409058050441416,3.2409058050441416,0.79037911859720544
1,0,0,-1.1753606349947204,-1.1753606349947204,-2.7056522841133736
1,0,0,-0.816789009438968,-0.816789009438968,-4.6788949802030512
1,0,0,-0.31966649210682156,-0.31966649210682156,-3.3243399793315608
1,0,0,0.88362957416137648,0.88362957416137648,-2.6438790400427692
1,0,0,-1.337078048903139,-1.337078048903139,-1.2126017590818138
1,0,0,-0.87868685092357232,-0.87868685092357232,0.5427822099837952
1,0,0,0.98085023600061392,0.98085023600061392,-0.07335505979889528
1,0,0,0.51701329866890656,0.51701329866890656,-1.4238957384060668
1,0,0,0.87921922430587376,0.87921922430587376,-2.3995507139401828
1,0,0,-1.9205212583851744,-1.9205212583851744,-4.1510147208381368
1,0,0,0.62804233544105304,0.62804233544105304,-1.6600534593591936
1,0,0,-1.1481445033759376,-1.1481445033759376,-0.26314733701616532
1,0,0,0.5698916376227496,0.5698916376227496,0.58683099799147408
1,0,0,1.1970687738760186,1.1970687738760186,0.77394786194859584
1,0,0,-1.8019493134175272,-1.8019493134175272,-1.9499171428735876
1,0,0,1.3214875814394138,1.3214875814394138,-0.20735284383209064
1,0,0,-0.75221712987164112,-0.75221712987164112,-1.9787259826909924
1,0,0,0.78763735000773488,0.78763735000773488,-3.2935509337849608
1,0,0,-0.79863898469085888,-0.79863898469085888,-3.7860251426201328
1,0,0,-0.13955576847300388,-0.13955576847300388,-3.6228728060270304
1,0,0,1.518135916185874,1.518135916185874,-0.47319917609162856
1,0,0,0.6557542427305928,0.6557542427305928,-3.1597449773649996
1,0,0,-0.80821572094971968,-0.80821572094971968,-3.6851601124266432
1,0,0,0.82016205981246896,0.82016205981246896,-1.9429940120243852
1,0,0,0.20037993154832724,0.20037993154832724,2.9355975190688984
1,0,0,0.74944502131203168,0.74944502131203168,1.2214452611039914
1,0,0,0.47598316367540568,0.47598316367540568,-2.0800176623971852
1,0,0,-0.038836875928227832,-0.038836875928227832,-1.968543496845256
1,0,0,1.3135321737387782,1.3135321737387782,-0.94185532093908256
1,0,0,2.6681612687359592,2.6681612687359592,-3.5078091881998116
1,0,0,0.77227818562167888,0.77227818562167888,-3.6104216868813728
1,0,0,0.211001063310069,0.211001063310069,-1.6981511010858968
1,0,0,-1.3092961710012518,-1.3092961710012518,-1.5480652221906148
1,0,0,2.264390141795114,2.264390141795114,2.094998596063954
1,0,0,-1.8241397074538776,-1.8241397074538776,0.57484584155746552
1,0,0,0.53347142338196008,0.53347142338196008,-0.67556509369493432
1,0,0,0.16638078368059534,0.16638078368059534,1.04171704616098
1,0,0,-0.23740223380194404,-0.23740223380194404,0.92141967685521104
1,0,0,0.32663321310667,0.32663321310667,3.0992552094981936
1,0,0,-0.50662719428732968,-0.50662719428732968,3.8937829707453448
1,0,0,-1.4756897208789602,-1.4756897208789602,3.0861062145126296
1,0,0,1.1839533351989818,1.1839533351989818,2.120341800295462
1,0,0,-0.5242010095386844,-0.5242010095386844,0.83883125704248736
1,0,0,0.48273240400506296,0.48273240400506296,3.2711844175619676
1,0,0,-1.3771683775909496,-1.3771683775909496,-0.68457803808558104
1,0,0,-0.55167154257522512,-0.55167154257522512,-2.727683576710684
1,0,0,1.9211530754152276,1.9211530754152276,-3.8061846528671344
1,0,0,0.13516665866010716,0.13516665866010716,4.217850974056768
1,0,0,-0.05115166653427364,-0.05115166653427364,2.0417607349432936
1,0,0,0.38485991429131016,0.38485991429131016,-0.83354173911379024
1,0,0,-1.762541179262732,-1.762541179262732,-3.83924121522722
1,0,0,2.3876804701918732,2.3876804701918732,0.85245983690833424
1,0,0,-1.3750711919533828,-1.3750711919533828,0.169671358467397
1,0,0,0.63585661409113944,0.63585661409113944,0.86048917433088496
1,0,0,-1.6691788885521782,-1.6691788885521782,-0.392569419539718
1,0,0,-0.52749651708495648,-0.52749651708495648,1.1855834703924968
1,0,0,2.7643512684625476,2.7643512684625476,-1.0977644319525286
0,1,0,3.2444318690376736,3.2444318690376736,-0.20307835984159816
0,1,0,0.68869259791329016,0.68869259791329016,2.8553090564054112
0,1,0,1.3821456274219022,1.3821456274219022,2.3464403668751612
0,1,0,1.2109376623604072,1.2109376623604072,1.1842924204232666
0,1,0,1.9074424351145412,1.9074424351145412,0.55863497065674104
0,1,0,-0.57645485151066064,-0.57645485151066064,1.3494889155793496
0,1,0,4.407064806362172,4.407064806362172,1.7725976671935038
0,1,0,1.1437912510285532,1.1437912510285532,1.0230588988352922
0,1,0,1.6446826476638674,1.6446826476638674,-0.80056044413206592
0,1,0,0.7356909063050568,0.7356909063050568,-0.048944757256680904
0,1,0,2.1489548632931332,2.1489548632931332,-1.8664888718245816
0,1,0,4.8939966428693752,4.8939966428693752,-0.2913404960154642
0,1,0,-0.92251340987247856,-0.92251340987247856,0.73889970433005696
0,1,0,4.9358513711460808,4.9358513711460808,2.2956579118351884
0,1,0,3.8891106702510464,3.8891106702510464,3.0808391414043408
0,1,0,0.12153480703993714,0.12153480703993714,3.7688719083057928
0,1,0,-2.700926006657998,-2.700926006657998,2.9919988842137764
0,1,0,2.9768316409537956,2.9768316409537956,1.2391590075162276
0,1,0,0.010692399241102324,0.010692399241102324,3.532613439650568
0,1,0,-2.8788040676720576,-2.8788040676720576,5.4099449899219928
0,1,0,1.6298714326459856,1.6298714326459856,3.6364631703693088
0,1,0,-1.940488670962524,-1.940488670962524,4.6920024751655584
0,1,0,-3.4868043405981428,-3.4868043405981428,8.90125707513232
0,1,0,-1.2289388301436612,-1.2289388301436612,4.2720339326911552
0,1,0,0.31817907886648112,0.31817907886648112,2.9416945320479568
0,1,0,0.71831056185877952,0.71831056185877952,2.6160761497739228
0,1,0,-0.024256770188497368,-0.024256770188497368,3.3428598415549136
0,1,0,2.185969727035644,2.185969727035644,1.8722937200759936
0,1,0,4.149730405516612,4.149730405516612,-0.011940992446482612
0,1,0,1.1664822448509718,1.1664822448509718,1.0219764361305384
0,1,0,1.439888270995027,1.439888270995027,0.48383979476405056
0,1,0,0.49794392413564536,0.49794392413564536,0.59662472265018008
0,1,0,4.449621379322576,4.449621379322576,-2.6086864233672964
0,1,0,4.287644392410576,4.287644392410576,0.12842389719550674
0,1,0,3.7087351003227808,3.7087351003227808,-1.4276463248777128
0,1,0,1.0666416742925732,1.0666416742925732,2.1400995221906384
0,1,0,2.6972555962839996,2.6972555962839996,-1.3232431193883254
0,1,0,5.5326879894670736,5.5326879894670736,-1.0888087378669704
0,1,0,5.2428678119248912,5.2428678119248912,-3.9201474862221672
0,1,0,1.4956553958469368,1.4956553958469368,-1.0827385849653526
0,1,0,3.0310165542018428,3.0310165542018428,-0.974034524384964
0,1,0,-0.13717554893505834,-0.13717554893505834,-0.62413213471334376
0,1,0,1.083646005670203,1.083646005670203,-0.72054872642112496
0,1,0,-0.074582859137812144,-0.074582859137812144,0.42802964503029496
0,1,0,3.7778682001219792,3.7778682001219792,-1.2947760913955732
0,1,0,0.81845208780747568,0.81845208780747568,-0.1698036380320389
0,1,0,1.0744530131847104,1.0744530131847104,2.31819491520868
0,1,0,0.4012475718244464,0.4012475718244464,3.3742868380112224
0,1,0,-1.9662587407426472,-1.9662587407426472,3.71217241166616
0,1,0,2.89250900688665,2.89250900688665,0.19698232532350792
0,1,0,1.2953285486128642,1.2953285486128642,2.3314143237050808
0,1,0,2.8434860776888016,2.8434860776888016,1.7744548136186098
0,1,0,3.8770604419898208,3.8770604419898208,-1.1480835771151964
0,1,0,0.54334752565685472,0.54334752565685472,-2.3187818710430812
0,1,0,6.6593386643637328,6.6593386643637328,-3.8973071245055504
0,1,0,1.7035378008382362,1.7035378008382362,-1.3233702864381888
0,1,0,3.537267917183984,3.537267917183984,-1.303814080097319
0,1,0,3.7600512892879776,3.7600512892879776,1.3553398037395148
0,1,0,3.9863133817848808,3.9863133817848808,-1.738621814372384
0,1,0,4.5869377822088776,4.5869377822088776,-2.8586948572133572
0,1,0,2.3964306862333696,2.3964306862333696,-0.1631834252677109
0,1,0,2.043413561594484,2.043413561594484,0.21963719906984148
0,1,0,3.2521644330300596,3.2521644330300596,-4.3404373634950104
0,1,0,3.087159959208934,3.087159959208934,-1.1932954499290262
0,1,0,2.407287484598454,2.407287484598454,-0.10234540282854488
0,1,0,0.42218668587565464,0.42218668587565464,-0.83687570225832928
0,1,0,2.2662397375292648,2.2662397375292648,-2.0467961165150668
0,1,0,5.45199152846674,5.45199152846674,-5.7975858935885432
0,1,0,5.6654990973057368,5.6654990973057368,-6.3933438450114192
0,1,0,3.2939546249565184,3.2939546249565184,-3.2798250234027044
0,1,0,4.2865337129554888,4.2865337129554888,-3.975713372822992
0,1,0,6.2743254311809488,6.2743254311809488,-4.2019505917818216
0,1,0,0.7164165686969808,0.7164165686969808,-3.0084952207101256
0,1,0,4.175149992966812,4.175149992966812,-1.3077786800757982
0,1,0,1.3950427770055178,1.3950427770055178,-1.3901524652354556
0,1,0,1.2356140948372326,1.2356140948372326,-0.49781493941310888
0,1,0,4.96469346250116,4.96469346250116,-1.8259489770793116
0,1,0,2.9296012947005064,2.9296012947005064,-0.20484675783191552
0,1,0,5.565836059097528,5.565836059097528,-2.7653876902681468
0,1,0,1.2679871802973384,1.2679871802973384,-2.47540220682555
0,1,0,4.4591510562961688,4.4591510562961688,-2.2856464201588888
0,1,0,2.0458406965070552,2.0458406965070552,0.47117282012552232
0,1,0,1.8811385937810712,1.8811385937810712,0.01593478250726188
0,1,0,4.0663354081822136,4.0663354081822136,-2.3529879432466048
0,1,0,1.8079268710146024,1.8079268710146024,-1.952661667015026
0,1,0,0.96950076378192928,0.96950076378192928,-4.5273566809938864
0,1,0,0.96845468260555728,0.96845468260555728,-0.03713219839164816
0,1,0,-0.17305369823794358,-0.17305369823794358,0.9606422356748184
0,1,0,2.194907934151086,2.194907934151086,1.3385754974751296
0,1,0,3.6673855610673648,3.6673855610673648,-5.2551709032608912
0,1,0,0.017651226394978626,0.017651226394978626,-2.008451418925902
0,1,0,3.4416181013574392,3.4416181013574392,-0.3503024501243772
0,1,0,3.3900181816732752,3.3900181816732752,-1.5217383986858024
0,1,0,2.4507696739909928,2.4507696739909928,1.214217822185455
0,1,0,1.0947818406460054,1.0947818406460054,0.22820035703368756
0,1,0,1.6735052014484162,1.6735052014484162,0.8628113041003344
0,1,0,1.591787710687901,1.591787710687901,0.92742241703917568
0,1,0,2.5088357233585136,2.5088357233585136,0.84406998511469216
0,1,0,2.6655139997526032,2.6655139997526032,-0.005433114885092016
0,1,0,5.097652900767956,5.097652900767956,-2.6491888926782696
0,1,0,4.5156389660788088,4.5156389660788088,-2.3402417451546684
0,1,0,-0.61161368249973912,-0.61161368249973912,0.24064939367245276
0,1,0,-0.5286387842235012,-0.5286387842235012,3.1837607710093584
0,1,0,1.7727228507008184,1.7727228507008184,-0.22760188866667708
0,1,0,2.939359334897492,2.939359334897492,0.10725439475523608
0,1,0,5.301428127977548,5.301428127977548,-0.49647922981088456
0,1,0,2.4313849688125488,2.4313849688125488,0.87930263821325696
0,1,0,2.2575756412667784,2.2575756412667784,-3.02997600772882
0,1,0,5.0398175744421824,5.0398175744421824,-5.6141495912819896
0,1,0,4.9499552502005456,4.9499552502005456,-3.8690210592572488
0,1,0,4.8154200267388104,4.8154200267388104,-6.3344598978331256
0,1,0,2.861870558507556,2.861870558507556,-3.7465107660500784
0,1,0,0.49819304866259808,0.49819304866259808,-2.8230417527102156
0,1,0,3.5118127526565704,3.5118127526565704,-2.2273195560101516
0,1,0,1.8846064422126464,1.8846064422126464,-3.227457499337424
0,1,0,7.8186907527800304,7.8186907527800304,-5.0201992215536232
0,1,0,4.3838263000482648,4.3838263000482648,-2.7103706797919396
0,1,0,0.059483605879890432,0.059483605879890432,2.7262598994627272
0,1,0,1.9346600958766524,1.9346600958766524,1.206100661657626
0,1,0,1.2910749822531994,1.2910749822531994,-2.2718620297904816
0,1,0,2.5587381637487724,2.5587381637487724,-0.7790569279402688
0,1,0,2.9166845059592488,2.9166845059592488,0.23198233421086588
0,1,0,-1.1660217457894988,-1.1660217457894988,0.9940829115780704
0,1,0,4.3625745114391112,4.3625745114391112,0.7485055804184552
0,1,0,0.57208727019013672,0.57208727019013672,0.43361289544862072
0,1,0,2.8787323198528604,2.8787323198528604,1.6119411109851732
0,1,0,-0.32840118450384148,-0.32840118450384148,0.7642124818453408
0,1,0,-0.72709555441339552,-0.72709555441339552,-0.2249446981107026
0,1,0,2.0137556647140608,2.0137556647140608,1.3452084076718856
0,1,0,0.80931060319557616,0.80931060319557616,1.0438534156642784
0,1,0,-0.60197795524920304,-0.60197795524920304,1.8604160925566356
0,1,0,1.9742751535222652,1.9742751535222652,3.0843498685741092
0,1,0,0.8978493735856688,0.8978493735856688,2.2929677971762024
0,1,0,0.73618445120340944,0.73618445120340944,1.1381131446426254
0,1,0,3.709692910814672,3.709692910814672,1.666118643873364
0,1,0,0.21821816287139116,0.21821816287139116,2.3135083970664
0,1,0,-1.633128587630087,-1.633128587630087,2.2174640920287548
0,1,0,0.82325013485625776,0.82325013485625776,-0.11756102197085872
0,1,0,0.39245381835433992,0.39245381835433992,2.4782709525146816
0,1,0,2.040894051001468,2.040894051001468,0.91601004679681056
0,1,0,-0.43800433342690856,-0.43800433342690856,1.4617770475370238
0,1,0,0.56029143307701504,0.56029143307701504,3.4616085114243484
0,1,0,-0.49667989783297696,-0.49667989783297696,4.787824539466324
0,1,0,1.7345983798943912,1.7345983798943912,1.6797243145816734
0,1,0,4.7337057945530872,4.7337057945530872,-2.0107415663963636
0,1,0,-2.3198063601176944,-2.3198063601176944,0.63966914481146928
0,1,0,2.0275468671195688,2.0275468671195688,-1.273106780796905
0,1,0,1.5786328925068034,1.5786328925068034,-1.7690603648702532
0,1,0,2.335744490504232,2.335744490504232,-0.21515611850358108
0,1,0,1.4371649563023964,1.4371649563023964,0.4093040310511836
0,0,1,0.77710698221231072,0.77710698221231072,-2.5713758539116512
0,0,1,4.653428381025744,4.653428381025744,0.017237246817539464
0,0,1,3.7292050540672592,3.7292050540672592,-1.0695554282044178
0,0,1,2.3008513370524884,2.3008513370524884,-2.430601468270604
0,0,1,-0.33062486928163028,-0.33062486928163028,-3.7330168966280712
0,0,1,2.6547522193166348,2.6547522193166348,0.093948828660011424
0,0,1,1.237140248295475,1.237140248295475,0.71970810504126016
0,0,1,1.0128923519344438,1.0128923519344438,0.17302701299501582
0,0,1,0.90584625941354928,0.90584625941354928,1.1058694645444418
0,0,1,1.1749579558532248,1.1749579558532248,2.7447576200968924
0,0,1,1.2520630014945218,1.2520630014945218,1.0354577804047822
0,0,1,1.6668585893143762,1.6668585893143762,1.4000571599064458
0,0,1,0.21834848733256452,0.21834848733256452,0.8668558097567192
0,0,1,1.9244278270395436,1.9244278270395436,1.3217554497017372
0,0,1,3.8432880273527512,3.8432880273527512,0.7030237052788044
0,0,1,1.536782825917015,1.536782825917015,-0.28080656611034612
0,0,1,1.4234249687848552,1.4234249687848552,-0.6404947655878912
0,0,1,-0.18379169997595988,-0.18379169997595988,-0.94495178365075264
0,0,1,1.091714711311316,1.091714711311316,0.70422641052223144
0,0,1,1.6743349854239192,1.6743349854239192,-1.2274526772443556
0,0,1,3.1973400163090792,3.1973400163090792,-1.9948714576994208
0,0,1,1.9158442614810976,1.9158442614810976,-3.7313308132681584
0,0,1,-0.45870160417849232,-0.45870160417849232,-5.6664833078304912
0,0,1,0.32116508763866112,0.32116508763866112,-4.6456320762378208
0,0,1,-1.098537968275187,-1.098537968275187,-2.8797987692441444
0,0,1,1.9045625639616752,1.9045625639616752,-3.033067306712438
0,0,1,2.7407483298596596,2.7407483298596596,-5.1830134131510376
0,0,1,1.2108836396372674,1.2108836396372674,-2.5809814122898448
0,0,1,2.1969864299096676,2.1969864299096676,-0.7774726854713904
0,0,1,1.8037923346305268,1.8037923346305268,3.4053787429477688
0,0,1,2.7833728974141844,2.7833728974141844,0.7097104212586176
0,0,1,2.5064860860890484,2.5064860860890484,0.2756397895286446
0,0,1,3.809351832032868,3.809351832032868,3.1364723071937052
0,0,1,2.8375291233511256,2.8375291233511256,1.686602895986576
0,0,1,4.405893825256788,4.405893825256788,-0.030452979032220108
0,0,1,1.044823959910627,1.044823959910627,-1.6820690519016836
0,0,1,1.1525600352377068,1.1525600352377068,-1.6164631383138338
0,0,1,2.2879469744475268,2.2879469744475268,1.7898445296841348
0,0,1,-0.091510409246776784,-0.091510409246776784,-2.8516261000422832
0,0,1,4.5753411576544208,4.5753411576544208,-0.43323630172610208
0,0,1,2.6710927917131544,2.6710927917131544,-0.068721287811189384
0,0,1,1.7320392039162102,1.7320392039162102,1.370857349597284
0,0,1,0.60090619910703832,0.60090619910703832,-1.2392730162135526
0,0,1,1.617728297096276,1.617728297096276,-1.2496771131530044
0,0,1,-0.80712849868108432,-0.80712849868108432,-2.5789624528315844
0,0,1,-1.0934887376976808,-1.0934887376976808,-0.66460340668216552
0,0,1,0.83024313652935008,0.83024313652935008,0.20104769101630216
0,0,1,0.47116981655526248,0.47116981655526248,0.018933086673160652
0,0,1,2.6324254522535648,2.6324254522535648,1.473877165785548
0,0,1,1.369696958632189,1.369696958632189,1.5954825442805376
0,0,1,-1.3952021926034416,-1.3952021926034416,-0.86041846184296912
0,0,1,-0.7557302408597088,-0.7557302408597088,-2.4100249266191904
0,0,1,2.1826827410177176,2.1826827410177176,1.616935053097722
0,0,1,2.9946662616960404,2.9946662616960404,-0.6328476407969452
0,0,1,1.1639182341692448,1.1639182341692448,-1.1595008213296684
0,0,1,0.7211004629117112,0.7211004629117112,0.49715308412925488
0,0,1,1.9743708228771676,1.9743708228771676,-0.1302851161606372
0,0,1,0.053806231235914328,0.053806231235914328,-2.0734758645072544
0,0,1,0.54227642686800112,0.54227642686800112,-1.2437678802896694
0,0,1,2.041307982572844,2.041307982572844,2.9858305955728688
0,0,1,0.61405617395283272,0.61405617395283272,2.2083398490352544
0,0,1,3.8976698562833992,3.8976698562833992,5.0278508915775056
0,0,1,2.888722922802394,2.888722922802394,5.6117688504645072
0,0,1,2.7017053014942084,2.7017053014942084,5.4443443595160616
0,0,1,3.0081072315835912,3.0081072315835912,7.6941124121305088
0,0,1,3.1401700723293388,3.1401700723293388,7.9430312332537808
0,0,1,5.3623188494806992,5.3623188494806992,6.8008997484078904
0,0,1,3.4428574804577964,3.4428574804577964,6.3598559412624728
0,0,1,3.9121650615004136,3.9121650615004136,0.61063018226509104
0,0,1,1.2081702886411226,1.2081702886411226,0.29148082753408748
0,0,1,4.3879659573511264,4.3879659573511264,1.747028678507398
0,0,1,1.5937773036253514,1.5937773036253514,2.9570097009324476
0,0,1,2.346196428241238,2.346196428241238,1.5436707026799026
0,0,1,3.8153513812342024,3.8153513812342024,0.96325817377690512
0,0,1,-0.10765455402835844,-0.10765455402835844,-0.12712810019763876
0,0,1,1.4226904248844094,1.4226904248844094,2.488765322857698
0,0,1,1.1472045070114914,1.1472045070114914,4.1329450703136144
0,0,1,2.98685947480986,2.98685947480986,3.630822292612484
0,0,1,0.456158931497026,0.456158931497026,2.9115196155185012
0,0,1,2.7735384858705624,2.7735384858705624,0.60473957154307504
0,0,1,1.046512062089424,1.046512062089424,1.674695661105741
0,0,1,2.1542017284181104,2.1542017284181104,3.9919261703580104
0,0,1,1.3049158597221906,1.3049158597221906,3.3399769235550164
0,0,1,1.513807652782905,1.513807652782905,2.1069937591559608
0,0,1,0.93294129223818544,0.93294129223818544,2.8956688534457428
0,0,1,5.0985216150357416,5.0985216150357416,0.35288186766831696
0,0,1,0.11829962270289896,0.11829962270289896,0.686041280078474
0,0,1,2.663103352914894,2.663103352914894,-0.78512376773150928
0,0,1,3.1841940502208468,3.1841940502208468,1.3150178509908948
0,0,1,-0.11450918905126684,-0.11450918905126684,0.081441467391513696
0,0,1,2.5529562562523512,2.5529562562523512,-2.7628947953055852
0,0,1,0.061973193153971536,0.061973193153971536,-0.10454867258317634
0,0,1,2.5610319836779256,2.5610319836779256,2.2319812889783224
0,0,1,0.3173512626841166,0.3173512626841166,1.59888401857669
0,0,1,0.89059223885640144,0.89059223885640144,0.99460620768895632
0,0,1,2.780745304186162,2.780745304186162,-1.1009220148069426
0,0,1,2.3025291080887332,2.3025291080887332,-1.2376412710733564
0,0,1,2.122497802456366,2.122497802456366,0.86327991277223264
0,0,1,0.85101968601221456,0.85101968601221456,3.2810861170632472
0,0,1,0.55810816874035016,0.55810816874035016,1.1259879165659236
0,0,1,0.65932286085927824,0.65932286085927824,0.65498164907414136
0,0,1,2.8522746509977912,2.8522746509977912,0.24048813177456936
0,0,1,3.2687334236273168,3.2687334236273168,5.9963083116482008
0,0,1,4.1549923397450648,4.1549923397450648,3.4175321122902972
0,0,1,2.2105748481454448,2.2105748481454448,3.823186380362052
0,0,1,3.7881113806264856,3.7881113806264856,3.654840403465052
0,0,1,2.4143149519994748,2.4143149519994748,3.417082185201498
0,0,1,2.2032699001323864,2.2032699001323864,0.19912265618719572
0,0,1,2.490637339914202,2.490637339914202,-1.2477947116677534
0,0,1,1.567910090237467,1.567910090237467,0.43394904981273008
0,0,1,-0.19189246680353132,-0.19189246680353132,-1.1089187931064166
0,0,1,1.0907237333878066,1.0907237333878066,-1.466911453292758
0,0,1,0.67674548845416728,0.67674548845416728,-2.80500507293066
0,0,1,1.961941015943394,1.961941015943394,-4.3621571407899464
0,0,1,5.6870470259708128,5.6870470259708128,0.30252087360960544
0,0,1,0.11627241630966844,0.11627241630966844,0.61977950808893112
0,0,1,0.61196138020513488,0.61196138020513488,1.2295508688949042
0,0,1,1.4285396909399196,1.4285396909399196,4.0877777156479152
0,0,1,3.8141997459297776,3.8141997459297776,3.2639668921139452
0,0,1,2.3847280368579796,2.3847280368579796,4.6049291581989816
0,0,1,3.37235710969995,3.37235710969995,2.9509342065893784
0,0,1,3.6922747277129984,3.6922747277129984,4.9590907493288104
0,0,1,1.4338421752879026,1.4338421752879026,1.2371755600488882
0,0,1,1.7570170441422574,1.7570170441422574,3.6370489059935344
0,0,1,1.2399299337169756,1.2399299337169756,3.7478461459439328
0,0,1,3.3211674106734908,3.3211674106734908,-0.4181322281662272
0,0,1,2.5788031794298712,2.5788031794298712,-0.95628136785136448
0,0,1,0.86293349867489456,0.86293349867489456,-0.75371437038279968
0,0,1,1.8369957899617212,1.8369957899617212,0.42972728744811264
0,0,1,1.2537134082529096,1.2537134082529096,0.3386601392651052
0,0,1,0.82372452710470416,0.82372452710470416,0.775240461305412
0,0,1,2.7305127349566548,2.7305127349566548,-1.2015813078292928
0,0,1,0.49652852424194552,0.49652852424194552,0.852409486481396
0,0,1,2.9150267721938316,2.9150267721938316,0.62600356533758328
0,0,1,1.806470646713098,1.806470646713098,1.2710553453362078
0,0,1,3.294402253885062,3.294402253885062,1.109318809939362
0,0,1,0.71318689856568128,0.71318689856568128,-3.8771967477211768
0,0,1,-1.7127378939603468,-1.7127378939603468,-4.9994550588750704
0,0,1,-0.83241357846314704,-0.83241357846314704,0.76455924875466016
0,0,1,-0.11233307865049602,-0.11233307865049602,-2.246907439346452
0,0,1,1.1988319570126272,1.1988319570126272,-0.86409788865805248
0,0,1,1.0879557194145886,1.0879557194145886,-1.3996260092065398
0,0,1,1.8923156483831028,1.8923156483831028,-2.613810203257088
0,0,1,0.0781164365359408,0.0781164365359408,-1.0635760342417284
0,0,1,-1.5814601252989858,-1.5814601252989858,0.1109357661881677
0,0,1,3.552575629644278,3.552575629644278,0.68550730702018936
0,0,1,0.97221678675820144,0.97221678675820144,1.0642884116605598
0,0,1,-0.85631292298450416,-0.85631292298450416,1.0460637693895732
0,0,1,-1.2611082334423566,-1.2611082334423566,3.8060257902314688
0,0,1,3.326354600310462,3.326354600310462,3.72903702439622
0,0,1,-2.6673462072359164,-2.6673462072359164,1.7318364191304956
0,0,1,0.24601971253419496,0.24601971253419496,1.4109474093466672
0,0,1,1.9433687272303496,1.9433687272303496,-1.347317967485028
0,0,1,2.0955231708775088,2.0955231708775088,-1.537829863511945
0,0,1,-2.4988303434427576,-2.4988303434427576,-0.10080827437092176
0,0,1,2.69868614203838,2.69868614203838,5.6907908396791712
0,0,1,3.7667480853187672,3.7667480853187672,5.4529152462963472
0,0,1,4.3205317672708616,4.3205317672708616,6.1054661997420768
0,0,1,4.617888150078336,4.617888150078336,5.03613898819132
0,0,1,1.3459015411443374,1.3459015411443374,2.8226188536141804
0,0,1,-0.84345354905221008,-0.84345354905221008,2.7495535632882092
0,0,1,6.4078208433517592,6.4078208433517592,5.2815646171019192
0,0,1,4.1571258416786272,4.1571258416786272,3.168710202527848
0,0,1,4.687635671779108,4.687635671779108,2.7938753528164612
0,0,1,-1.319282121233618,-1.319282121233618,-0.26118124816473176
0,0,1,-1.4881459234280698,-1.4881459234280698,-2.5937722724952808
0,0,1,0.022610754938488852,0.022610754938488852,-1.913308051847514
0,0,1,3.6270914334383064,3.6270914334383064,0.72173526970051488
0,0,1,3.7271402622665984,3.7271402622665984,-2.333470093994306
0,0,1,1.343484902868778,1.343484902868778,-1.9311181809086628
0,0,1,1.1468093908593786,1.1468093908593786,1.8683879923421512
0,0,1,1.7802677628406672,1.7802677628406672,1.2094709147776976
0,0,1,6.6191577024240384,6.6191577024240384,3.146515513304874
0,0,1,0.92533168571192608,0.92533168571192608,0.82383240199661696
0,0,1,4.7882604115377776,4.7882604115377776,1.3139091301998712
0,0,1,2.7559428673802464,2.7559428673802464,5.159513009648448
0,0,1,5.321747667823028,5.321747667823028,2.2484233540818404
0,0,1,2.4955450317273548,2.4955450317273548,0.78786413513361952
0,0,1,0.91793669957776496,0.91793669957776496,0.40269852316764432
0,0,1,4.1494924193101072,4.1494924193101072,1.9673415744103704
0,0,1,-1.97506712279779,-1.97506712279779,2.7445570392293792
0,0,1,5.1244253006742952,5.1244253006742952,3.4009596057874836
0,0,1,1.9974066737053328,1.9974066737053328,4.5187211378500848
0,0,1,3.0121694648201856,3.0121694648201856,4.5240475264902896
0,0,1,3.6204622597029152,3.6204622597029152,2.1999983129087948
0,0,1,0.70081402705796832,0.70081402705796832,-1.8836373832783304
0,0,1,4.3702036623448992,4.3702036623448992,0.57502888356876672
0,0,1,1.5350709817247716,1.5350709817247716,1.3802468960436776
0,0,1,4.8370969390185648,4.8370969390185648,2.599378344754748
0,0,1,2.3759197383484784,2.3759197383484784,3.4559012767907572
0,0,1,2.9374757797668708,2.9374757797668708,3.9799199375569016
0,0,1,2.8679377949753948,2.8679377949753948,6.3144785066515064
0,0,1,3.4461209942892688,3.4461209942892688,6.2703456792095976
0,0,1,3.066428658546962,3.066428658546962,3.1876516765808528
0,0,1,1.6794354625280188,1.6794354625280188,1.209357674160322
0,0,1,2.6653893249921376,2.6653893249921376,0.87967064929684432
0,0,1,-0.972435420573148,-0.972435420573148,-1.9972433125768356
0,0,1,1.936187240595208,1.936187240595208,4.1046881850027376
0,0,1,1.185707688786414,1.185707688786414,1.3357054218403542
0,0,1,1.366964532312982,1.366964532312982,0.93577046944316448
0,0,1,0.34518495080374944,0.34518495080374944,2.1440181102440824
0,0,1,2.1612585913366212,2.1612585913366212,2.6647516591551216
0,0,1,0.88890226595419536,0.88890226595419536,-0.8524598014041664
0,0,1,3.3697988534598844,3.3697988534598844,0.88477192413953072
0,0,1,3.7031803194760088,3.7031803194760088,0.13985960679893434
0,0,1,0.90066500896466112,0.90066500896466112,1.0098111850915498
0,0,1,2.2077171915309644,2.2077171915309644,4.5748306419008192
0,0,1,1.9297098984579432,1.9297098984579432,1.7293422081518948
0,0,1,1.5567676049965198,1.5567676049965198,2.3603200016781748
0,0,1,4.5923199728863,4.5923199728863,-0.14908782988186676
0,0,1,4.214253573820876,4.214253573820876,2.15001823234775
0,0,1,1.1117565490360994,1.1117565490360994,2.0559816996989344
0,0,1,4.8018320046643408,4.8018320046643408,3.2580466960063628
0,0,1,2.8546705361943504,2.8546705361943504,7.3502090556284032
0,0,1,2.9001511549204796,2.9001511549204796,3.9616960685236352
0,0,1,4.05061299795142,4.05061299795142,4.3120029836789664
0,0,1,1.5040892043595942,1.5040892043595942,2.5369944890560624
0,0,1,2.6709373272862356,2.6709373272862356,-1.025926808990477
0,0,1,1.2541420867854892,1.2541420867854892,-1.531248788149735
0,0,1,3.5100884336524236,3.5100884336524236,0.14694989419168314
0,0,1,3.7428710976367296,3.7428710976367296,-1.572333538566387
0,0,1,-2.4633642272363276,-2.4633642272363276,-4.6327179953091872
0,0,1,1.9134036264746716,1.9134036264746716,-3.98916605945238
0,0,1,0.3459383413062962,0.3459383413062962,-2.8087918611234236
0,0,1,-1.0059584223241916,-1.0059584223241916,-3.483464111789446
0,0,1,-0.014536999445580622,-0.014536999445580622,-3.3601681667525076
0,0,1,0.44398833489591808,0.44398833489591808,-1.5186642533963102
0,0,1,1.8966681261316368,1.8966681261316368,-3.4449839865437312
0,0,1,3.1549063977547548,3.1549063977547548,-5.9795607335748808
0,0,1,1.5699322670048382,1.5699322670048382,-5.2404525995557432
0,0,1,0.26694857813309792,0.26694857813309792,-1.9784681002356596
0,0,1,0.44718029449414672,0.44718029449414672,-2.1663560189868908
0,0,1,-1.2622091901109252,-1.2622091901109252,-0.086002078681152176
0,0,1,0.5112615255549988,0.5112615255549988,0.39765341855779144
0,0,1,1.6215278295435884,1.6215278295435884,-1.0410552806057354
0,0,1,-1.3828143855135334,-1.3828143855135334,0.051314439054963248
0,0,1,1.1615238683050698,1.1615238683050698,-0.18462638722883108
0,0,1,0.6373254831137416,0.6373254831137416,-1.526080641745268
0,0,1,0.0001430959023215328,0.0001430959023215328,-1.7121793946728124
0,0,1,2.7891992297746116,2.7891992297746116,-0.69163507406044064
0,0,1,2.6241151585254528,2.6241151585254528,-2.1206918979178968
0,0,1,1.0415098706306822,1.0415098706306822,-4.9632875795442152
0,0,1,2.6504764518174516,2.6504764518174516,0.80945989729516256
0,0,1,-0.23864358513596008,-0.23864358513596008,-1.181811744817633
0,0,1,1.4162468382168616,1.4162468382168616,-3.68258364419582
0,0,1,-0.60428714631401472,-0.60428714631401472,-2.126098554724558
0,0,1,3.3613314083725988,3.3613314083725988,0.88848880429985824
0,0,1,2.1609253559046248,2.1609253559046248,-2.4013178452044456
0,0,1,3.5145538864389988,3.5145538864389988,2.1286366164557656
0,0,1,3.1731437468943168,3.1731437468943168,5.094677978300748
0,0,1,3.5806566231285776,3.5806566231285776,3.4408928959220044
