dum_800,y,y1,z
0,0,0,0
0,-1.694332309280802,-1.694332309280802,-1.4172888840413174
0,-1.6451239020639304,-1.6451239020639304,-3.8943312618247096
0,-0.72863044373706304,-0.72863044373706304,-3.5449088560340184
0,-3.6640500087400752,-3.6640500087400752,-6.2288586244400824
0,-1.7786441317750616,-1.7786441317750616,-4.2100783886163024
0,-2.1141974951909072,-2.1141974951909072,-5.388796470731756
0,-1.4674949198224092,-1.4674949198224092,-2.0049773552033456
0,0.69182718337600232,0.69182718337600232,-0.98626480786864096
0,0.38840177359014192,0.38840177359014192,0.35459596208085688
0,2.3348221653953332,2.3348221653953332,2.355774481993974
0,3.0769148891330128,3.0769148891330128,3.1772175568096532
0,2.1297854472906276,2.1297854472906276,2.5030668527233088
0,-0.37537669764802192,-0.37537669764802192,-1.8409216601086356
0,0.031942741391334724,0.031942741391334724,0.021956483899017832
0,1.268860975719857,1.268860975719857,3.8065273550391592
0,0.56253807900119864,0.56253807900119864,1.1036133118016622
0,0.31733937840995052,0.31733937840995052,-0.22753293992463652
0,-0.32274316900608224,-0.32274316900608224,1.7769704019766284
0,-0.65772476952758784,-0.65772476952758784,0.1802372642442258
0,-2.0440256015947724,-2.0440256015947724,-3.383209852368444
0,-0.78698519238890192,-0.78698519238890192,-2.214207749467506
0,-0.24638811820546604,-0.24638811820546604,-1.0728325200051168
0,-2.7864092906303028,-2.7864092906303028,-4.5631722169635472
0,-0.99667701888817168,-0.99667701888817168,-2.2961645760600992
0,-0.70515346683750472,-0.70515346683750472,-1.3485235364006128
0,-0.15453403020307976,-0.15453403020307976,-1.9930260294699708
0,-3.2197933261880936,-3.2197933261880936,-4.1581755488453264
0,-0.52006083447645832,-0.52006083447645832,-2.6222962489102216
0,0.08152103764513296,0.08152103764513296,-2.2238853770402624
0,-1.9277322701813428,-1.9277322701813428,0.3928364717756472
0,1.6338261623321386,1.6338261623321386,1.7741133382485268
0,1.6781803743201152,1.6781803743201152,2.5743117760300772
0,1.3865143003533212,1.3865143003533212,2.8668209001069132
0,2.8473978236880556,2.8473978236880556,2.1395010719503396
0,2.7018812068438092,2.7018812068438092,5.191757515886316
0,2.1711084231278588,2.1711084231278588,3.9052678387202272
0,2.0960408651391572,2.0960408651391572,4.6607635891190536
0,3.4509080249172756,3.4509080249172756,7.6818617933336176
0,1.7901579460142232,1.7901579460142232,4.4063861135529008
0,1.4871556142435486,1.4871556142435486,4.6752573251805128
0,0.1047816086606696,0.1047816086606696,0.76013672937299728
0,-0.54062145983885104,-0.54062145983885104,-0.58502750464847976
0,-0.3462491102280666,-0.3462491102280666,-2.151176110968152
0,-1.0113269278491494,-1.0113269278491494,-1.9563725590004796
0,-0.019766418775214456,-0.019766418775214456,-3.5443364503652224
0,-0.74467213541615136,-0.74467213541615136,-2.7866188074380088
0,-0.2667401900337878,-0.2667401900337878,-2.8565359653702348
0,0.59254222817237088,0.59254222817237088,-1.5999355275678692
0,-0.39731408807300752,-0.39731408807300752,-2.8491260208697576
0,-0.79107463958806608,-0.79107463958806608,-2.4054219911530016
0,0.22201879765190148,0.22201879765190148,-1.4060553836646332
0,-0.33931802558565804,-0.33931802558565804,0.63879197261455992
0,1.2501090336382116,1.2501090336382116,2.9367068812965904
0,1.7823625696822978,1.7823625696822978,1.5788125825367822
0,1.0613675007599586,1.0613675007599586,2.8746707277033384
0,1.3084491402998296,1.3084491402998296,0.6563035130279924
0,2.040292759148094,2.040292759148094,3.2084091595873644
0,2.2994714448284556,2.2994714448284556,4.1094649918101624
0,1.1982573792220096,1.1982573792220096,3.2454752531076652
0,2.7137977992361272,2.7137977992361272,3.0960768172610532
0,0.85194175602130336,0.85194175602130336,-0.12409948881962318
0,0.39958913562019912,0.39958913562019912,1.6756832535549862
0,0.63475035518913384,0.63475035518913384,5.1864352550197432
0,0.086935305658270464,0.086935305658270464,-0.3546045142137544
0,0.013962804377706944,0.013962804377706944,-0.034309608687360992
0,-1.2947645059365928,-1.2947645059365928,0.69062655990274824
0,1.3765374157817972,1.3765374157817972,2.8216146108471304
0,3.3383782892805852,3.3383782892805852,4.9767601530436864
0,1.832048667809882,1.832048667809882,4.5167510271672232
0,2.5288891397822556,2.5288891397822556,3.5207749428941004
0,0.30518393778296864,0.30518393778296864,0.59079929957007192
0,1.552629222250094,1.552629222250094,3.3064462987847532
0,1.97380544087779,1.97380544087779,2.9281085698966616
0,-2.575926932415736,-2.575926932415736,2.2424932756559592
0,1.0219570117913856,1.0219570117913856,2.3963021700702444
0,0.7796805342588112,0.7796805342588112,0.8951067780910384
0,0.93063070826677392,0.93063070826677392,1.0875041215186796
0,-1.8485961872117184,-1.8485961872117184,-0.6741362899090552
0,-0.49751158171901416,-0.49751158171901416,-1.5356346985869828
0,1.100699399694014,1.100699399694014,-0.12250943452520046
0,1.5023834197761904,1.5023834197761904,0.22507446971377256
0,-0.52788213916041728,-0.52788213916041728,-0.46268716196839264
0,0.56577063612632072,0.56577063612632072,1.9338351741540624
0,0.3487859330476788,0.3487859330476788,0.83804828992194144
0,-0.357833055842972,-0.357833055842972,-2.5581265147545036
0,-2.4658486879674656,-2.4658486879674656,-2.6883603874396976
0,-1.613302403857743,-1.613302403857743,-4.0754159329835248
0,-1.6260271407334354,-1.6260271407334354,-5.1081607998043344
0,1.0248879934790314,1.0248879934790314,-1.0235552963042984
0,-0.56378593482716544,-0.56378593482716544,-1.2130632014028824
0,-0.74892553963955872,-0.74892553963955872,0.0083731625006815408
0,-0.73644000647406576,-0.73644000647406576,-3.3886854004195212
0,-0.24343627387025424,-0.24343627387025424,-3.0876062742374008
0,-1.5561123031749014,-1.5561123031749014,-5.0814629858643544
0,0.36654623706830312,0.36654623706830312,-1.1078548084762594
0,-0.62843825018134728,-0.62843825018134728,1.4627251994299604
0,1.81352753719137,1.81352753719137,1.4477747422765824
0,-1.1353928051160324,-1.1353928051160324,0.60214623273805048
0,1.1629610520829392,1.1629610520829392,0.17099026552065998
0,-1.4655669033115802,-1.4655669033115802,-1.4762912318981308
0,1.1977304637869854,1.1977304637869854,1.4404076336198512
0,0.3357219076233624,0.3357219076233624,0.36043080720201936
0,-1.4028908797403534,-1.4028908797403534,-2.9817025580096104
0,-0.95920519772675344,-0.95920519772675344,-1.3109066149590544
0,-1.2869509847947114,-1.2869509847947114,-1.6529047272617956
0,0.85578754196195072,0.85578754196195072,0.40665813777140248
0,-0.43638073911184928,-0.43638073911184928,-2.37539172206994
0,-1.0761163450206714,-1.0761163450206714,-3.754701153125796
0,0.5439004976566808,0.5439004976566808,-2.8000421419415344
0,-1.825285383724098,-1.825285383724098,-4.0368657657253608
0,-1.99656786110129,-1.99656786110129,-1.6878890440474974
0,-2.7964982499980096,-2.7964982499980096,-2.651339430740192
0,-0.80201610912082224,-0.80201610912082224,-0.63464775171553464
0,-3.5220171083879376,-3.5220171083879376,-2.9197745056733964
0,-2.4942297892653728,-2.4942297892653728,-3.28765956602765
0,-2.3960076254219164,-2.3960076254219164,-5.7465395027782648
0,-1.6432234397087486,-1.6432234397087486,-3.221631058365852
0,1.8490387659597624,1.8490387659597624,4.5772703932517192
0,-0.17329458467836844,-0.17329458467836844,2.8049927166752696
0,-0.66495388421720984,-0.66495388421720984,0.859717142776256
0,-2.3094468907141332,-2.3094468907141332,-1.2685619880916628
0,-0.4253690418858364,-0.4253690418858364,0.082242889644238864
0,2.0598025686974916,2.0598025686974916,-0.050580725798501136
0,-0.093707062891215856,-0.093707062891215856,-0.34508094226576736
0,1.6588835512994716,1.6588835512994716,-0.51978825374738104
0,1.2043165489814318,1.2043165489814318,0.83695768542365712
0,1.112149907172236,1.112149907172236,2.1848415161941768
0,3.422975486807034,3.422975486807034,4.0000529515080904
0,1.2685494997099486,1.2685494997099486,4.0385281308234832
0,0.56581960493984584,0.56581960493984584,3.3590339616346864
0,4.3547452937591376,4.3547452937591376,6.4082520137251056
0,3.331842591590342,3.331842591590342,7.30113381544332
0,5.5491444003564592,5.5491444003564592,7.8939791264320432
0,2.7413113650132316,2.7413113650132316,3.2813279034917916
0,1.1390740423679536,1.1390740423679536,1.2979544315207976
0,1.806245872292996,1.806245872292996,2.5054729608746336
0,-0.14523046516908084,-0.14523046516908084,-0.9616819763636568
0,-2.4635614073258888,-2.4635614073258888,-0.69185861863904432
0,-0.77354076316603424,-0.77354076316603424,-2.504578368026886
0,-2.2772988989193516,-2.2772988989193516,-2.771188633730686
0,1.1400635213139532,1.1400635213139532,1.9709015075195924
0,-0.58112262452087616,-0.58112262452087616,-0.083297592880301472
0,1.2932130746471862,1.2932130746471862,0.99297539226239792
0,-1.226885719348941,-1.226885719348941,-0.04263746274928704
0,1.2942883814191762,1.2942883814191762,-0.53187556772158792
0,1.5555468183622224,1.5555468183622224,1.7164699465896592
0,2.8997340176717648,2.8997340176717648,3.5576808740352312
0,2.2080653411831824,2.2080653411831824,5.2504642175168976
0,0.2789182941700732,0.2789182941700732,2.8384276539331988
0,2.7640330619325396,2.7640330619325396,1.8742630240760856
0,3.2228029299660836,3.2228029299660836,2.1523128028574644
0,1.7942633049404862,1.7942633049404862,0.4970979485993288
0,-0.2425425035094716,-0.2425425035094716,1.3842610437672444
0,-0.35210414105306376,-0.35210414105306376,-2.076984647658028
0,0.67174216756171792,0.67174216756171792,0.65041978638739352
0,-0.42068392899482208,-0.42068392899482208,-0.013376222907675872
0,-0.49294917032056424,-0.49294917032056424,0.048766841698875032
0,-0.015159699783852342,-0.015159699783852342,2.1863563980567856
0,0.68334398843693744,0.68334398843693744,1.9901758475253136
0,-0.32826235305076344,-0.32826235305076344,1.953290291131542
0,0.44050908910187216,0.44050908910187216,1.52885320580878
0,1.8175519820578864,1.8175519820578864,5.1074347760449016
0,1.18007448564009,1.18007448564009,0.074314691759491232
0,-0.87682018661846336,-0.87682018661846336,-0.094336484050169536
0,-2.3948334132123988,-2.3948334132123988,-0.24305647355898772
0,0.57588080496828744,0.57588080496828744,0.67034834641566208
0,1.2637427865078188,1.2637427865078188,2.6922093865377524
0,0.22905423156998704,0.22905423156998704,2.703155372595002
0,1.8939002411304264,1.8939002411304264,2.1765189576665992
0,-0.8592050370259072,-0.8592050370259072,-0.4612521597692996
0,1.686498281381362,1.686498281381362,2.3965256919377992
0,0.77510762151842624,0.77510762151842624,0.81094242277784144
0,0.44661494441658768,0.44661494441658768,-1.385714136583808
0,0.76073083138485072,0.76073083138485072,0.67066836661771712
0,2.1516968876220916,2.1516968876220916,1.2071632493052502
0,-0.21308758788176164,-0.21308758788176164,-1.627296583136791
0,-2.5829946400692112,-2.5829946400692112,-2.1007979749226912
0,1.1558195360505212,1.1558195360505212,0.81762205932968256
0,0.5519590126107596,0.5519590126107596,2.0791568120389064
0,-0.37429591595875016,-0.37429591595875016,0.57056120339390728
0,0.2315824882570884,0.2315824882570884,0.16122944118554644
0,-2.4649965809468216,-2.4649965809468216,-3.8841723829684088
0,-1.781041068178728,-1.781041068178728,-4.8100259974131952
0,-1.2652669052133642,-1.2652669052133642,-3.7915557612716544
0,-0.9274054655661552,-0.9274054655661552,-2.9486103705734692
0,-3.8696700032082928,-3.8696700032082928,-2.2592778931185948
0,1.7382156118645704,1.7382156118645704,-0.71476362241550192
0,-0.79188451060076032,-0.79188451060076032,-0.53449909987837408
0,-1.5621734759747706,-1.5621734759747706,-1.0318469691576984
0,2.2770768563387312,2.2770768563387312,1.4295616140000504
0,3.7183706670393064,3.7183706670393064,5.2618897136833152
0,4.497338717251248,4.497338717251248,4.8515523351467976
0,1.681252580676095,1.681252580676095,5.1051529270124352
0,-0.71899842177873784,-0.71899842177873784,0.30526261276564392
0,0.8554360101098512,0.8554360101098512,-1.0085258071681702
0,-0.1614877109351014,-0.1614877109351014,-1.1215401612803356
0,-0.41888181414036168,-0.41888181414036168,-1.2334677194635066
0,2.6453138634743088,2.6453138634743088,2.8127673218286144
0,1.3919788614298648,1.3919788614298648,0.063883618750533392
0,-2.0912056263404352,-2.0912056263404352,-2.291734827349284
0,-0.691552469526438,-0.691552469526438,-1.5734088400644822
0,-1.3024688560494376,-1.3024688560494376,-3.32691311821503
0,-2.1061271969181564,-2.1061271969181564,-6.7987276405630144
0,-3.9603430568673488,-3.9603430568673488,-5.940867378344432
0,-1.6202968617485066,-1.6202968617485066,-3.208275665590584
0,-1.8218024637328552,-1.8218024637328552,-2.1031318263441392
0,-1.6156655888078064,-1.6156655888078064,-1.3326131492527674
0,-1.9959649622997176,-1.9959649622997176,-2.7351266418913908
0,-4.22882235276802,-4.22882235276802,-3.8642162748685664
0,-2.0936376337936752,-2.0936376337936752,-2.9029558248796328
0,0.23326562736191636,0.23326562736191636,2.0843490744461048
0,0.2398290313055982,0.2398290313055982,0.20972826788723188
0,-0.29229554483515708,-0.29229554483515708,1.7692912147551064
0,-2.4122610659561456,-2.4122610659561456,1.5265009069168952
0,0.70473900807905032,0.70473900807905032,0.14322363187591558
0,0.21396996350303064,0.21396996350303064,-1.284211385595287
0,1.2830207420631354,1.2830207420631354,2.1690705388352632
0,-0.03772672288712964,-0.03772672288712964,1.2685492292727254
0,-0.26088320856751816,-0.26088320856751816,0.54873594823878536
0,-1.3540449220897828,-1.3540449220897828,-1.9831260258151092
0,-0.65256149852394688,-0.65256149852394688,-0.80696964009407408
0,1.0733268056510348,1.0733268056510348,0.54159233318097568
0,-2.2402883401279824,-2.2402883401279824,-1.282136444800924
0,-1.5897335740850214,-1.5897335740850214,0.03995137960847572
0,-0.34655184096769532,-0.34655184096769532,0.21101658711933852
0,-2.8727856269828248,-2.8727856269828248,-2.6940852017316252
0,-3.718447402125384,-3.718447402125384,-4.8493568443374224
0,-3.9254254254138728,-3.9254254254138728,-5.706304946984288
0,-2.4786834298451488,-2.4786834298451488,-5.2690578492767432
0,-2.621118027511876,-2.621118027511876,-5.006964767069328
0,-2.710705142333886,-2.710705142333886,-2.4613342603422032
0,-1.35226750304969,-1.35226750304969,-2.192268166874626
0,-0.65315992245430656,-0.65315992245430656,-1.1734392082311368
0,-1.9036638416025552,-1.9036638416025552,-1.7861898072375436
0,1.9657000436301032,1.9657000436301032,0.63389524600689632
0,0.26290616961942144,0.26290616961942144,0.54489196274704432
0,0.84715086592182848,0.84715086592182848,-0.129090536582465
0,-0.045673805223324208,-0.045673805223324208,1.2585500457383944
0,-0.74289457499143024,-0.74289457499143024,-0.86875316396302944
0,-0.67448144687373168,-0.67448144687373168,-1.8375021621901652
0,0.43924463406280576,0.43924463406280576,-2.3740129162114892
0,-1.60868016727133,-1.60868016727133,-2.5702988927139268
0,-1.6667732989928976,-1.6667732989928976,-0.99406557119073152
0,1.5994717921587132,1.5994717921587132,1.8404174418736436
0,-0.097549292861751936,-0.097549292861751936,0.065613667115846704
0,0.2610342667169508,0.2610342667169508,0.11539986064995328
0,0.035534322990218748,0.035534322990218748,-0.84018346568200368
0,-0.38401733270553712,-0.38401733270553712,-0.51203309743168176
0,1.2447868266344914,1.2447868266344914,-2.3096509499463328
0,-0.49916288052603656,-0.49916288052603656,-0.23513162739873004
0,-1.2717738438881768,-1.2717738438881768,-3.5140074902436548
0,-0.2251081813153082,-0.2251081813153082,2.0060931053429188
0,0.067595540351824024,0.067595540351824024,2.306173150199224
0,0.043219411711153736,0.043219411711153736,3.2943323851569212
0,2.6556604074947268,2.6556604074947268,3.2143611781003044
0,1.8628861145637896,1.8628861145637896,2.982352747495884
0,0.99540338530897152,0.99540338530897152,3.569453396836204
0,0.4890318833665536,0.4890318833665536,1.5389024321558558
0,-2.0619652332183992,-2.0619652332183992,-1.9193634570145488
0,-1.577019535176205,-1.577019535176205,-3.8618804929705784
0,-5.1903585476404032,-5.1903585476404032,-6.4726933827490752
0,-1.131979865444028,-1.131979865444028,-2.1681283200180828
0,-0.78749377273767232,-0.78749377273767232,-2.000847098610524
0,-2.1826583819619292,-2.1826583819619292,-2.4686937811082172
0,2.253501791215832,2.253501791215832,3.3119249293205684
0,-1.5977926086198902,-1.5977926086198902,1.6273636765407338
0,0.33195253089195808,0.33195253089195808,-0.29317189132727316
0,1.84272446407184,1.84272446407184,0.91892684881580656
0,1.066102855520408,1.066102855520408,0.78247359020985936
0,0.5281938534494588,0.5281938534494588,0.82512989067503888
0,3.407931721184898,3.407931721184898,3.9239555055971744
0,1.0346386210605008,1.0346386210605008,3.2825863230921636
0,1.4489345587212376,1.4489345587212376,2.2672275730198624
0,-2.2594224422747944,-2.2594224422747944,-3.346236000267738
0,1.4466175765770606,1.4466175765770606,0.55313062992415144
0,-1.0431253612282112,-1.0431253612282112,-4.6274490095756304
0,-3.5449022980528012,-3.5449022980528012,-7.129067896649216
0,-1.7159287264442264,-1.7159287264442264,-4.9712662326446928
0,0.004186671706963796,0.004186671706963796,-0.96630894349785024
0,-0.3881672176731016,-0.3881672176731016,-2.663030537930986
0,-0.98208788948896416,-0.98208788948896416,1.9876516429933256
0,0.79628200962073216,0.79628200962073216,1.9287673398830096
0,1.505059043005628,1.505059043005628,2.291822312658648
0,0.85143522080025296,0.85143522080025296,0.96459628721288192
0,2.336017729846636,2.336017729846636,1.357651573992827
0,-1.2599876504567944,-1.2599876504567944,-1.2000062949083734
0,-0.22394060226851596,-0.22394060226851596,0.70304517053884432
0,0.16689346459195952,0.16689346459195952,1.127158037920532
0,0.27912024288846228,0.27912024288846228,0.071967462249064248
0,2.7079188083690244,2.7079188083690244,1.5374370877299742
0,2.6817180747344,2.6817180747344,4.3126306233485
0,2.465643695407778,2.465643695407778,4.932666319004188
0,1.4561067865565018,1.4561067865565018,2.7475237828773
0,1.9960427848789688,1.9960427848789688,4.7047159812384432
0,2.970531526774926,2.970531526774926,6.0505250020464176
0,3.4871017510865436,3.4871017510865436,5.1189804589979296
0,2.8458702747986732,2.8458702747986732,4.4414939696267384
0,4.270959331398972,4.270959331398972,5.2873715022590416
0,0.1796702267634942,0.1796702267634942,1.4783943503032302
0,-0.063552462958442576,-0.063552462958442576,0.60335265411138648
0,0.1555023156816382,0.1555023156816382,-0.25822976092779948
0,-1.586054728474416,-1.586054728474416,-2.3536414622961504
0,0.06856100310720836,0.06856100310720836,-1.482340890305977
0,0.6807823604000944,0.6807823604000944,-0.5805636085002216
0,0.82904093795945728,0.82904093795945728,-0.70582103994992096
0,-0.44982334312299512,-0.44982334312299512,-2.1952527320235148
0,-0.20700010141592684,-0.20700010141592684,0.5202319521412404
0,-0.79509816060192496,-0.79509816060192496,-0.76509008806078512
0,0.63597496270035456,0.63597496270035456,0.018490940920490308
0,-1.0210460192290756,-1.0210460192290756,-1.3501281981783674
0,-1.6581033392578484,-1.6581033392578484,-0.54542082496053856
0,1.4652484483119108,1.4652484483119108,0.15568529635788574
0,1.0541314289320388,1.0541314289320388,1.882702458672276
0,-0.45349156145707712,-0.45349156145707712,-0.97531505598276768
0,-2.0627056171643064,-2.0627056171643064,-1.443822678950002
0,1.3049887328771402,1.3049887328771402,3.5400260215520264
0,-0.24391556095690192,-0.24391556095690192,-0.59935835305683184
0,-1.1073103675804654,-1.1073103675804654,-1.2198370670184218
0,-2.0131892302724624,-2.0131892302724624,-3.1449516601737092
0,-3.633762996251044,-3.633762996251044,-5.4489939136574888
0,-3.6218322310104368,-3.6218322310104368,-7.7548033806780096
0,-4.3537541443980968,-4.3537541443980968,-6.64870250417554
0,-0.46305097107709048,-0.46305097107709048,-3.7821040542514136
0,-0.30610727153609864,-0.30610727153609864,-3.5137004910680752
0,-3.5610228589855888,-3.5610228589855888,-3.1543526304771172
0,-2.1465709993270852,-2.1465709993270852,-2.6353519391612928
0,-2.2358015090158688,-2.2358015090158688,-3.1511883273707092
0,-0.47181129467467912,-0.47181129467467912,-1.9615558354484552
0,-2.2421474747367344,-2.2421474747367344,-0.089886083237022304
0,4.7201876558844088,4.7201876558844088,4.9663191767624248
0,1.2167744399092014,1.2167744399092014,3.3122355665893268
0,2.607860182435534,2.607860182435534,4.394678049955628
0,0.61489545850290248,0.61489545850290248,0.92367426268604064
0,0.58731298043372984,0.58731298043372984,0.53776424092882336
0,0.84854669048233728,0.84854669048233728,-3.1354847851978348
0,0.54404729887083912,0.54404729887083912,-3.3518858209259088
0,-1.1158615595984316,-1.1158615595984316,-1.7992136912150862
0,-0.21354294598511244,-0.21354294598511244,0.43976466888066488
0,2.1164012318000608,2.1164012318000608,2.3628046197393372
0,2.3392505399059328,2.3392505399059328,2.282549626269674
0,-0.64624740448843488,-0.64624740448843488,-0.052969520382150528
0,-2.885908840468128,-2.885908840468128,-5.3331802074517008
0,-0.3346090492356646,-0.3346090492356646,-3.1463455170383732
0,0.24572837084420924,0.24572837084420924,0.68987900736300792
0,2.077157907113078,2.077157907113078,1.2978819440114774
0,0.10459600970674488,0.10459600970674488,1.2311708038913576
0,-1.4452986043771516,-1.4452986043771516,-1.9104552738400084
0,-0.95528241218037952,-0.95528241218037952,-5.2559665791625056
0,-0.66202306270566384,-0.66202306270566384,-4.603862873606184
0,-4.697945258834228,-4.697945258834228,-6.3821464411902456
0,-5.4740017158952304,-5.4740017158952304,-8.6207458945397632
0,-3.40524390979551,-3.40524390979551,-10.747288631549942
0,-1.9528893286768328,-1.9528893286768328,-6.989962985220056
0,-1.3546855465118704,-1.3546855465118704,-3.0736571565809124
0,-1.3680083880615622,-1.3680083880615622,-4.9130084503705312
0,-1.4130020874839456,-1.4130020874839456,-3.5609777952116308
0,-0.88153093290820992,-0.88153093290820992,-1.973964473786042
0,1.5334236963662708,1.5334236963662708,3.4286954912606536
0,2.2369871316736272,2.2369871316736272,1.9272717203673252
0,2.4035480269846548,2.4035480269846548,1.4710474128029454
0,2.30272713918455,2.30272713918455,1.3888314100929808
0,-1.9479044423529,-1.9479044423529,-1.6847607832888984
0,0.14730633121802316,0.14730633121802316,1.0476663819153488
0,-0.97214362676201776,-0.97214362676201776,1.90218731479004
0,1.1081659793330778,1.1081659793330778,1.7365957412350074
0,2.2928783069282884,2.2928783069282884,5.075078585186732
0,0.83027500171614848,0.83027500171614848,3.008689681878704
0,1.7051959883559778,1.7051959883559778,2.526316109893072
0,-0.1705989289450921,-0.1705989289450921,1.2838989510455944
0,0.26878537985339236,0.26878537985339236,0.79100464530858656
0,-1.8966262923797368,-1.8966262923797368,-0.91430175664014096
0,0.98157629658570656,0.98157629658570656,0.9157784678826664
0,-0.76063146324466176,-0.76063146324466176,1.1816821169993976
0,0.39762301748518328,0.39762301748518328,-0.9660131316083152
0,-1.4757946313580234,-1.4757946313580234,-0.12420645700193378
0,-0.60812875355746656,-0.60812875355746656,-0.044681179293237136
0,-1.5018252656481936,-1.5018252656481936,-2.677483765936668
0,-2.946957684367894,-2.946957684367894,-3.8418257561458
0,0.45640486769039512,0.45640486769039512,1.4032939362942586
0,-0.34832290724567416,-0.34832290724567416,1.4516559687721422
0,-1.2681149966762054,-1.2681149966762054,-3.652441628473744
0,-0.9320320840284856,-0.9320320840284856,-1.7494747600327508
0,0.89319036507402832,0.89319036507402832,-0.54876942349725144
0,-1.1786362007070962,-1.1786362007070962,-1.8277027130775756
0,-1.3340575022072048,-1.3340575022072048,1.1921151848406366
0,0.62689222082520544,0.62689222082520544,0.846045187724172
0,-0.56837296274742008,-0.56837296274742008,2.6799448191233936
0,-3.1995316503292672,-3.1995316503292672,-1.237428305759234
0,-2.1123761336356076,-2.1123761336356076,-3.9533077055817128
0,0.29654500370734748,0.29654500370734748,-0.86970243436767488
0,0.47062640178925944,0.47062640178925944,0.097394451060656032
0,1.4894926588938644,1.4894926588938644,0.2212367047061682
0,-1.8029859587798756,-1.8029859587798756,-1.0104039144011656
0,-1.1331060145124074,-1.1331060145124074,-1.3410865401025434
0,-0.20914129665804416,-0.20914129665804416,0.71347344003447664
0,-1.5387889696474388,-1.5387889696474388,-0.92251696666257248
0,2.0143763810680228,2.0143763810680228,0.95501292489570016
0,1.971583869661056,1.971583869661056,1.7407229713716946
0,1.8101740872438524,1.8101740872438524,2.3569370981471332
0,1.3954652875306614,1.3954652875306614,2.3836389741302292
0,0.39164523601231696,0.39164523601231696,1.2367298799705934
0,-0.82801907388690992,-0.82801907388690992,-0.2958387125792248
0,1.567162720307199,1.567162720307199,1.1581017336266222
0,-2.245394648253312,-2.245394648253312,-2.7833819967965188
0,-1.703471509859919,-1.703471509859919,1.0286305502904666
0,-0.014888318139975044,-0.014888318139975044,1.5203699330004374
0,1.587422724389211,1.587422724389211,2.4785340052008268
0,1.8043094950614292,1.8043094950614292,3.4499945811873224
0,3.294221588510286,3.294221588510286,4.310703167659228
0,2.9215476809198692,2.9215476809198692,3.4707092577729716
0,0.88031223946237872,0.88031223946237872,2.5441996223981864
0,1.2343442882533702,1.2343442882533702,-0.16505751074708442
0,1.3999241713015124,1.3999241713015124,1.339228174225429
0,-1.0535361057591224,-1.0535361057591224,-0.50257559566693464
0,0.36485870228850384,0.36485870228850384,0.069298493731708432
0,0.720572985211116,0.720572985211116,3.9029967888893544
0,0.14129509057683932,0.14129509057683932,1.733325084600867
0,-2.7204418001378888,-2.7204418001378888,-4.812123429150084
0,-3.828430595318544,-3.828430595318544,-5.2048492170078368
0,-2.704763517494374,-2.704763517494374,-2.983062996818114
0,0.67692358838631416,0.67692358838631416,-1.8581831893558796
0,-3.4555311811226792,-3.4555311811226792,-1.6428670884189116
0,-2.7273858722465212,-2.7273858722465212,-2.6780820180837504
0,-3.515439125803926,-3.515439125803926,-6.9684187725402696
0,-3.346324450393058,-3.346324450393058,-2.5421867254611316
0,-0.38732771117527568,-0.38732771117527568,-1.6801027223262906
0,-1.5517879024006532,-1.5517879024006532,-1.7362851445616536
0,-2.5407615844988752,-2.5407615844988752,-5.0768031757626264
0,-0.0078629669445344768,-0.0078629669445344768,-2.3126974541747868
0,0.0929221041487388,0.0929221041487388,1.6777935703369108
0,1.1128528165933278,1.1128528165933278,2.3103898070435368
0,-0.033278123450310588,-0.033278123450310588,0.20672826466199924
0,-0.41162102224625472,-0.41162102224625472,-2.1394900115401656
0,-3.0735989000923984,-3.0735989000923984,-2.9222394897952676
0,-1.0201565849530772,-1.0201565849530772,-3.8589735423378256
0,-1.6903196713953124,-1.6903196713953124,-4.5640567249118568
0,-2.3497391875182336,-2.3497391875182336,-1.298874183562595
0,1.3767557125419026,1.3767557125419026,-0.8813181008662024
0,-0.38289138121924584,-0.38289138121924584,-0.68188373929328984
0,-1.4638809130889658,-1.4638809130889658,-3.1331125601497856
0,0.20737032929873296,0.20737032929873296,-0.4842192601858928
0,-0.06628887319115684,-0.06628887319115684,-1.9595953638778288
0,-1.0270042570332306,-1.0270042570332306,-1.7144675468251138
0,-1.5248221770111546,-1.5248221770111546,-2.8435885037180576
0,-2.5630809083605868,-2.5630809083605868,-2.8468987654032056
0,-2.0120900541432464,-2.0120900541432464,-4.9724698544480256
0,-1.1085421065043796,-1.1085421065043796,-4.1534651697838264
0,-4.7308660046366032,-4.7308660046366032,-5.9829265502935856
0,-2.5831090876340788,-2.5831090876340788,-3.9510197864387776
0,-3.1671751890097236,-3.1671751890097236,-3.8147553014140056
0,1.1126682589252604,1.1126682589252604,-0.58447531172807208
0,-1.161369006549208,-1.161369006549208,-1.7157756577535264
0,2.0469788923080424,2.0469788923080424,0.937527899845632
0,0.0080807243490584048,0.0080807243490584048,-0.17461180521975294
0,-0.091364784290125792,-0.091364784290125792,0.70704895843898256
0,1.9608522929759936,1.9608522929759936,3.5643715202575828
0,0.3427013386791896,0.3427013386791896,1.8050550225855164
0,1.3758687450620846,1.3758687450620846,2.1093916794582644
0,-0.32585309318429236,-0.32585309318429236,1.2270817937164806
0,1.5051426268599308,1.5051426268599308,1.8496565556727744
0,0.40196149879543096,0.40196149879543096,1.1558411111014232
0,0.74589346572060512,0.74589346572060512,0.51830185173502688
0,-1.0183559678511904,-1.0183559678511904,-0.72582769841212272
0,0.58873061259027448,0.58873061259027448,2.0099486665005048
0,1.639873787623996,1.639873787623996,2.3708202561994048
0,1.896460296256264,1.896460296256264,3.520364708723422
0,0.21015811922497884,0.21015811922497884,2.938221416320806
0,1.3288350466942108,1.3288350466942108,2.4108419500636096
0,1.0663755712255432,1.0663755712255432,3.2114178029450936
0,3.4805329217908932,3.4805329217908932,4.4618260041750088
0,2.0968213622174204,2.0968213622174204,5.9734533837013456
0,1.6167894609029992,1.6167894609029992,3.9380318117163528
0,-2.187039425234998,-2.187039425234998,-2.1643650147124948
0,-0.3833557625824528,-0.3833557625824528,-0.83787154392513216
0,-0.08304895059506328,-0.08304895059506328,-0.85415739607574976
0,-1.4850262502532094,-1.4850262502532094,-1.2136376703668962
0,-1.1480486990370952,-1.1480486990370952,-0.37470182650896008
0,-1.4758229289639896,-1.4758229289639896,-1.371639787759431
0,-3.6837797025624696,-3.6837797025624696,-3.1817199287178156
0,-0.93901461336648784,-0.93901461336648784,-2.0704728185682028
0,-0.18328830009461532,-0.18328830009461532,-0.071597418336352584
0,1.4745662461907088,1.4745662461907088,0.83598674928473856
0,1.6557315907048952,1.6557315907048952,0.77420852808513008
0,1.4176847283496382,1.4176847283496382,2.7890643170996272
0,2.0692965657314276,2.0692965657314276,2.2961185668418996
0,-0.91381528179993584,-0.91381528179993584,-0.7329308647213544
0,-0.095317816673449296,-0.095317816673449296,0.2075588725313904
0,-1.5721392115198606,-1.5721392115198606,-2.4881345422945076
0,-1.2842380602278602,-1.2842380602278602,-2.0542170530123304
0,0.87069658474528896,0.87069658474528896,1.5585913305442268
0,0.79392739498077184,0.79392739498077184,2.3106154322193544
0,0.403616690134048,0.403616690134048,1.8967788727920492
0,3.656244926884744,3.656244926884744,3.170562658234644
0,-0.5484230601434752,-0.5484230601434752,2.7625262410979944
0,-0.23865203965583416,-0.23865203965583416,1.1571387213241264
0,0.51612789392057192,0.51612789392057192,2.1959554978322244
0,1.6572991814545474,1.6572991814545474,1.8814713133889956
0,-0.94326964223752,-0.94326964223752,-4.0396554269758504
0,-1.1287828001371818,-1.1287828001371818,-3.032087923258652
0,-0.12596341103558362,-0.12596341103558362,-2.3802099372330896
0,-2.0288212742225252,-2.0288212742225252,-0.49801987368539536
0,0.1416114745824329,0.1416114745824329,-0.55556272894695032
0,-0.14917666257447532,-0.14917666257447532,-0.80651271464530272
0,-0.72208248339254816,-0.72208248339254816,-1.0612286836890404
0,-0.04130317584555476,-0.04130317584555476,-1.512444783562457
0,-0.87632639078827728,-0.87632639078827728,-1.5637240247356306
0,-0.44887289853175048,-0.44887289853175048,-1.0648811948691624
0,-0.68936246063346696,-0.68936246063346696,0.71212627245332648
0,-2.4953949239770348,-2.4953949239770348,-2.1413604312620064
0,-1.18698497871105,-1.18698497871105,-2.7952382371374536
0,-1.969008474227624,-1.969008474227624,0.048513717244762496
0,-2.449633757798928,-2.449633757798928,-4.6648451795097648
0,-0.92367180162380352,-0.92367180162380352,-3.2969833104228692
0,-2.3567174185800432,-2.3567174185800432,-3.04095101847432
0,1.555161222487233,1.555161222487233,1.4294902873616256
0,0.7866117710081048,0.7866117710081048,2.3978549808427588
0,1.5389843167129694,1.5389843167129694,4.7029552491869568
0,0.5947575138099952,0.5947575138099952,3.264101083673586
0,-0.50362768001886552,-0.50362768001886552,1.9449048235025796
0,-0.1278509213930099,-0.1278509213930099,2.8886217314021904
0,2.8524907425147728,2.8524907425147728,2.625134364064402
0,1.3482330438391412,1.3482330438391412,-0.02648887812588252
0,-0.88296598675285344,-0.88296598675285344,-0.52475988485153128
0,1.1596960996738384,1.1596960996738384,-0.13997575224944098
0,-1.1058435056125024,-1.1058435056125024,-2.1315776223431976
0,0.014271713708222444,0.014271713708222444,-0.72527338603501232
0,-0.31771093725619228,-0.31771093725619228,-1.600049279413056
0,-0.88643835154627856,-0.88643835154627856,-5.2075976686998472
0,-0.36709477540736976,-0.36709477540736976,-2.141571292503892
0,-0.63085282102588768,-0.63085282102588768,-0.13779793908052306
0,-0.96665010784468992,-0.96665010784468992,-2.1445908582963372
0,0.99208759513708384,0.99208759513708384,1.0710044768459362
0,-1.6867365528892544,-1.6867365528892544,-4.1225659886576552
0,-0.11915999049446092,-0.11915999049446092,2.2215495266648352
0,2.5266738697888956,2.5266738697888956,2.5108741348727616
0,2.640108735679824,2.640108735679824,3.7069379719106576
0,1.6904303807308674,1.6904303807308674,1.9973420820314
0,1.5290115298966506,1.5290115298966506,3.0789396845241116
0,-0.54183103701772272,-0.54183103701772272,-1.3559110552753352
0,-0.58636431797619984,-0.58636431797619984,1.5664746704274626
0,2.5294474587081236,2.5294474587081236,0.79037911859720544
0,-2.0462114892493876,-2.0462114892493876,-2.7056522841133736
0,-2.728010330387402,-2.728010330387402,-4.6788949802030512
0,-1.7644696517592762,-1.7644696517592762,-3.3243399793315608
0,-0.64472383591237472,-0.64472383591237472,-2.6438790400427692
0,-1.4572661868402726,-1.4572661868402726,-1.2126017590818138
0,-0.33249286928994376,-0.33249286928994376,0.5427822099837952
0,0.61966779609425816,0.61966779609425816,-0.07335505979889528
0,-0.31980914547689348,-0.31980914547689348,-1.4238957384060668
0,-0.533644183634836,-0.533644183634836,-2.3995507139401828
0,-3.2174877086479136,-3.2174877086479136,-4.1510147208381368
0,-0.35599672407358836,-0.35599672407358836,-1.6600534593591936
0,-0.88823175952483568,-0.88823175952483568,-0.26314733701616532
0,0.65378222414452104,0.65378222414452104,0.58683099799147408
0,1.1592215181600238,1.1592215181600238,0.77394786194859584
0,-2.1112608756193588,-2.1112608756193588,-1.9499171428735876
0,0.7842270605046336,0.7842270605046336,-0.20735284383209064
0,-1.424883545170224,-1.424883545170224,-1.9787259826909924
0,-1.0118988690944916,-1.0118988690944916,-3.2935509337849608
0,-2.2992377230166348,-2.2992377230166348,-3.7860251426201328
0,-1.78371115512795,-1.78371115512795,-3.6228728060270304
0,0.79126432861448944,0.79126432861448944,-0.47319917609162856
0,-1.037378160949938,-1.037378160949938,-3.1597449773649996
0,-2.2585518664322464,-2.2585518664322464,-3.6851601124266432
0,-0.35995583240306704,-0.35995583240306704,-1.9429940120243852
0,1.5035321299310376,1.5035321299310376,2.9355975190688984
0,1.0696378027232172,1.0696378027232172,1.2214452611039914
0,-0.65335280000174936,-0.65335280000174936,-2.0800176623971852
0,-0.94454488247993808,-0.94454488247993808,-1.968543496845256
0,0.43615563272094704,0.43615563272094704,-0.94185532093908256
0,0.1417965579973941,0.1417965579973941,-3.5078091881998116
0,-1.1700113301301878,-1.1700113301301878,-3.6104216868813728
0,-0.65180313830003912,-0.65180313830003912,-1.6981511010858968
0,-1.5952945510231214,-1.5952945510231214,-1.5480652221906148
0,2.4872594393599216,2.4872594393599216,2.094998596063954
0,-0.94783174557576784,-0.94783174557576784,0.57484584155746552
0,0.040383905197004024,0.040383905197004024,-0.67556509369493432
0,0.59705514399552088,0.59705514399552088,1.04171704616098
0,0.27172769333113576,0.27172769333113576,0.92141967685521104
0,1.6640745731702704,1.6640745731702704,3.0992552094981936
0,1.4793472568229408,1.4793472568229408,3.8937829707453448
0,0.45638975285325368,0.45638975285325368,3.0861062145126296
0,1.7787950636038702,1.7787950636038702,2.120341800295462
0,0.04198724692737116,0.04198724692737116,0.83883125704248736
0,1.8483743308656268,1.8483743308656268,3.2711844175619676
0,-1.2375820028339044,-1.2375820028339044,-0.68457803808558104
0,-1.6407000308484692,-1.6407000308484692,-2.727683576710684
0,-0.49545078772784448,-0.49545078772784448,-3.8061846528671344
0,2.0584415603332296,2.0584415603332296,4.217850974056768
0,0.91872056528402128,0.91872056528402128,2.0417607349432936
0,-0.13241286872556202,-0.13241286872556202,-0.83354173911379024
0,-2.9666733532811908,-2.9666733532811908,-3.83924121522722
0,1.9896015706851384,1.9896015706851384,0.85245983690833424
0,-0.83753416068413664,-0.83753416068413664,0.169671358467397
0,0.8254660240818392,0.8254660240818392,0.86048917433088496
0,-1.2959849881533206,-1.2959849881533206,-0.392569419539718
0,0.20160794145986084,0.20160794145986084,1.1855834703924968
0,1.3306107773971854,1.3306107773971854,-1.0977644319525286
0,0.67392783681322384,0.67392783681322384,-0.20307835984159816
0,1.3148653418530088,1.3148653418530088,2.8553090564054112
0,1.387034699552225,1.387034699552225,2.3464403668751612
0,0.38191596389810904,0.38191596389810904,1.1842924204232666
0,0.3665817675798624,0.3665817675798624,0.55863497065674104
0,-0.68302839906293888,-0.68302839906293888,1.3494889155793496
0,2.9637014157564668,2.9637014157564668,1.7725976671935038
0,0.21353932312609292,0.21353932312609292,1.0230588988352922
0,-0.85064124205867232,-0.85064124205867232,-0.80056044413206592
0,-0.88039704302675088,-0.88039704302675088,-0.048944757256680904
0,-1.3316715595367572,-1.3316715595367572,-1.8664888718245816
0,1.7059700483010612,1.7059700483010612,-0.2913404960154642
0,-1.3818524999286086,-1.3818524999286086,0.73889970433005696
0,3.7172386465043648,3.7172386465043648,2.2956579118351884
0,3.6213837885773584,3.6213837885773584,3.0808391414043408
0,1.6371583343943992,1.6371583343943992,3.7688719083057928
0,-0.84008485987477008,-0.84008485987477008,2.9919988842137764
0,1.6012429997316384,1.6012429997316384,1.2391590075162276
0,1.3821319032261702,1.3821319032261702,3.532613439650568
0,0.89508844715882304,0.89508844715882304,5.4099449899219928
0,2.5412027190471272,2.5412027190471272,3.6364631703693088
0,0.97020945031857856,0.97020945031857856,4.6920024751655584
0,3.166427530536016,3.166427530536016,8.90125707513232
0,1.122600128300778,1.122600128300778,4.2720339326911552
0,1.134085193814421,1.134085193814421,2.9416945320479568
0,1.1511987560658604,1.1511987560658604,2.6160761497739228
0,1.213354698399769,1.213354698399769,3.3428598415549136
0,1.5594050034153582,1.5594050034153582,1.8722937200759936
0,1.4239988428021046,1.4239988428021046,-0.011940992446482612
0,0.22783676426739392,0.22783676426739392,1.0219764361305384
0,-0.0024639766842100008,-0.0024639766842100008,0.48383979476405056
0,-0.54395842987776512,-0.54395842987776512,0.59662472265018008
0,-0.36691200503321008,-0.36691200503321008,-2.6086864233672964
0,1.6235545827902728,1.6235545827902728,0.12842389719550674
0,0.044627884475607392,0.044627884475607392,-1.4276463248777128
0,1.0185040832078716,1.0185040832078716,2.1400995221906384
0,-0.54964932734171624,-0.54964932734171624,-1.3232431193883254
0,1.5203719606133718,1.5203719606133718,-1.0888087378669704
0,-0.84353453148706752,-0.84353453148706752,-3.9201474862221672
0,-1.1663293179088124,-1.1663293179088124,-1.0827385849653526
0,-0.05941543256057724,-0.05941543256057724,-0.974034524384964
0,-1.9032850025702692,-1.9032850025702692,-0.62413213471334376
0,-1.1633233531427272,-1.1633233531427272,-0.72054872642112496
0,-1.0548991782353152,-1.0548991782353152,0.42802964503029496
0,0.19258379667804672,0.19258379667804672,-1.2947760913955732
0,-0.91788139728624608,-0.91788139728624608,-0.1698036380320389
0,1.1602514437831282,1.1602514437831282,2.31819491520868
0,1.5211182903582348,1.5211182903582348,3.3742868380112224
0,0.20182635511562432,0.20182635511562432,3.71217241166616
0,0.74602578733912288,0.74602578733912288,0.19698232532350792
0,1.3176366805824716,1.3176366805824716,2.3314143237050808
0,1.9227394089001352,1.9227394089001352,1.7744548136186098
0,0.37117621887156312,0.37117621887156312,-1.1480835771151964
0,-2.7488344173617928,-2.7488344173617928,-2.3187818710430812
0,0.11829031412156654,0.11829031412156654,-3.8973071245055504
0,-1.2122253523771208,-1.2122253523771208,-1.3233702864381888
0,0.025254483381377924,0.025254483381377924,-1.303814080097319
0,2.2124613757256132,2.2124613757256132,1.3553398037395148
0,-0.0087344698289069104,-0.0087344698289069104,-1.738621814372384
0,-0.46704086905765544,-0.46704086905765544,-2.8586948572133572
0,0.13917983145033474,0.13917983145033474,-0.1631834252677109
0,0.1973308936832012,0.1973308936832012,0.21963719906984148
0,-2.4928923566594684,-2.4928923566594684,-4.3404373634950104
0,-0.19008653880629756,-0.19008653880629756,-1.1932954499290262
0,0.19306018089708476,0.19306018089708476,-0.10234540282854488
0,-1.6934802478142828,-1.6934802478142828,-0.83687570225832928
0,-1.3917171976420418,-1.3917171976420418,-2.0467961165150668
0,-2.1434881661067236,-2.1434881661067236,-5.7975858935885432
0,-2.4578975496382636,-2.4578975496382636,-6.3933438450114192
0,-1.6518961013043946,-1.6518961013043946,-3.2798250234027044
0,-1.5236911105273016,-1.5236911105273016,-3.975713372822992
0,-0.37194516624543096,-0.37194516624543096,-4.2019505917818216
0,-3.1622352900797756,-3.1622352900797756,-3.0084952207101256
0,0.44746967391976304,0.44746967391976304,-1.3077786800757982
0,-1.4690883720101708,-1.4690883720101708,-1.3901524652354556
0,-0.8912487236585616,-0.8912487236585616,-0.49781493941310888
0,0.5765680925733012,0.5765680925733012,-1.8259489770793116
0,0.46268501546253592,0.46268501546253592,-0.20484675783191552
0,0.25709347685943928,0.25709347685943928,-2.7653876902681468
0,-2.3858169050346964,-2.3858169050346964,-2.47540220682555
0,-0.11289488459103536,-0.11289488459103536,-2.2856464201588888
0,0.391792959767604,0.391792959767604,0.47117282012552232
0,-0.06702427089038512,-0.06702427089038512,0.01593478250726188
0,-0.42640048436758784,-0.42640048436758784,-2.3529879432466048
0,-1.625089364035118,-1.625089364035118,-1.952661667015026
0,-4.1579729462406936,-4.1579729462406936,-4.5273566809938864
0,-0.71616489702989216,-0.71616489702989216,-0.03713219839164816
0,-0.71221008480793488,-0.71221008480793488,0.9606422356748184
0,1.1561798374983234,1.1561798374983234,1.3385754974751296
0,-2.9173739851217736,-2.9173739851217736,-5.2551709032608912
0,-2.8613786035798724,-2.8613786035798724,-2.008451418925902
0,0.69251352247627032,0.69251352247627032,-0.3503024501243772
0,-0.23998731787693196,-0.23998731787693196,-1.5217383986858024
0,1.2314134463361776,1.2314134463361776,1.214217822185455
0,-0.42852516584350248,-0.42852516584350248,0.22820035703368756
0,0.44382546744253392,0.44382546744253392,0.8628113041003344
0,0.43888232685530216,0.43888232685530216,0.92742241703917568
0,0.98634413749360624,0.98634413749360624,0.84406998511469216
0,0.43951061175649816,0.43951061175649816,-0.005433114885092016
0,0.03405711612529738,0.03405711612529738,-2.6491888926782696
0,-0.11709269389937282,-0.11709269389937282,-2.3402417451546684
0,-1.5565779198509458,-1.5565779198509458,0.24064939367245276
0,0.75512406829150752,0.75512406829150752,3.1837607710093584
0,-0.326012880843907,-0.326012880843907,-0.22760188866667708
0,0.70846792591067576,0.70846792591067576,0.10725439475523608
0,1.8203180091300208,1.8203180091300208,-0.49647922981088456
0,0.96172200183852944,0.96172200183852944,0.87930263821325696
0,-2.1512645117475768,-2.1512645117475768,-3.02997600772882
0,-2.2776363036880712,-2.2776363036880712,-5.6141495912819896
0,-0.9996126452968608,-0.9996126452968608,-3.8690210592572488
0,-2.979472570512856,-2.979472570512856,-6.3344598978331256
0,-2.2977445483000228,-2.2977445483000228,-3.7465107660500784
0,-3.1655366446361,-3.1655366446361,-2.8230417527102156
0,-0.69973649117006944,-0.69973649117006944,-2.2273195560101516
0,-2.5513131213502612,-2.5513131213502612,-3.227457499337424
0,0.030307765328908776,0.030307765328908776,-5.0201992215536232
0,-0.4887333211416444,-0.4887333211416444,-2.7103706797919396
0,0.79645499350801792,0.79645499350801792,2.7262598994627272
0,0.88111723785528144,0.88111723785528144,1.206100661657626
0,-2.2143775680039028,-2.2143775680039028,-2.2718620297904816
0,-0.22478486892169132,-0.22478486892169132,-0.7790569279402688
0,0.78897612686782976,0.78897612686782976,0.23198233421086588
0,-1.3485509316498118,-1.3485509316498118,0.9940829115780704
0,2.1489039526135564,2.1489039526135564,0.7485055804184552
0,-0.6195052666959664,-0.6195052666959664,0.43361289544862072
0,1.82164306499054,1.82164306499054,1.6119411109851732
0,-0.96637122025446624,-0.96637122025446624,0.7642124818453408
0,-1.9905213048271356,-1.9905213048271356,-0.2249446981107026
0,1.0404968890244862,1.0404968890244862,1.3452084076718856
0,0.00649468747299764,0.00649468747299764,1.0438534156642784
0,-0.30833296587271476,-0.30833296587271476,1.8604160925566356
0,2.3475183349216608,2.3475183349216608,3.0843498685741092
0,1.0231748935588678,1.0231748935588678,2.2929677971762024
0,0.030009711694952368,0.030009711694952368,1.1381131446426254
0,2.4171529008460268,2.4171529008460268,1.666118643873364
0,0.58583521299850072,0.58583521299850072,2.3135083970664
0,-0.72202992119801264,-0.72202992119801264,2.2174640920287548
0,-0.87463002694015328,-0.87463002694015328,-0.11756102197085872
0,0.82831027583081584,0.82831027583081584,2.4782709525146816
0,0.7295370698785336,0.7295370698785336,0.91601004679681056
0,-0.50464048583955416,-0.50464048583955416,1.4617770475370238
0,1.694094147476677,1.694094147476677,3.4616085114243484
0,2.0062122150355304,2.0062122150355304,4.787824539466324
0,1.1108542277755436,1.1108542277755436,1.6797243145816734
0,0.28090199546484596,0.28090199546484596,-2.0107415663963636
0,-2.3894578957230032,-2.3894578957230032,0.63966914481146928
0,-0.95768395386458144,-0.95768395386458144,-1.273106780796905
0,-1.6371910180626586,-1.6371910180626586,-1.7690603648702532
0,0.058876636150075712,0.058876636150075712,-0.21515611850358108
0,-0.061423605325828248,-0.061423605325828248,0.4093040310511836
0,-1.2533414346986216,-1.2533414346986216,-2.5713758539116512
0,2.107456761395758,2.107456761395758,0.017237246817539464
0,1.1652700742501806,1.1652700742501806,-1.0695554282044178
0,-0.1952795491128556,-0.1952795491128556,-2.430601468270604
0,-2.340321648509508,-2.340321648509508,-3.7330168966280712
0,0.79801946147576016,0.79801946147576016,0.093948828660011424
0,0.040672597042694712,0.040672597042694712,0.71970810504126016
0,-0.27283032814519948,-0.27283032814519948,0.17302701299501582
0,-0.064341654360967952,-0.064341654360967952,1.1058694645444418
0,0.6067325899312176,0.6067325899312176,2.7447576200968924
0,0.14534600178444924,0.14534600178444924,1.0354577804047822
0,0.53125620751485112,0.53125620751485112,1.4000571599064458
0,-0.59437759885127448,-0.59437759885127448,0.8668558097567192
0,0.67947851960355032,0.67947851960355032,1.3217554497017372
0,1.7730991298188092,1.7730991298188092,0.7030237052788044
0,-0.059720085888427144,-0.059720085888427144,-0.28080656611034612
0,-0.24319845048646384,-0.24319845048646384,-0.6404947655878912
0,-1.4060133350791992,-1.4060133350791992,-0.94495178365075264
0,-0.060922269302453256,-0.060922269302453256,0.70422641052223144
0,-0.25201247955736072,-0.25201247955736072,-1.2274526772443556
0,0.53309857356289304,0.53309857356289304,-1.9948714576994208
0,-0.8421697363263824,-0.8421697363263824,-3.7313308132681584
0,-3.0057460618014756,-3.0057460618014756,-5.6664833078304912
0,-2.179579564445572,-2.179579564445572,-4.6456320762378208
0,-2.5962982762900348,-2.5962982762900348,-2.8797987692441444
0,-0.64021181603928136,-0.64021181603928136,-3.033067306712438
0,-0.72773847070553856,-0.72773847070553856,-5.1830134131510376
0,-0.9670386639287752,-0.9670386639287752,-2.5809814122898448
0,0.23141581429836132,0.23141581429836132,-0.7774726854713904
0,1.2241418459713486,1.2241418459713486,3.4053787429477688
0,1.0684950579870414,1.0684950579870414,0.7097104212586176
0,0.7536826609179592,0.7536826609179592,0.2756397895286446
0,2.4805095801800232,2.4805095801800232,3.1364723071937052
0,1.3976669510300564,1.3976669510300564,1.686602895986576
0,1.928126656461526,1.928126656461526,-0.030452979032220108
0,-0.80807140896342048,-0.80807140896342048,-1.6820690519016836
0,-0.71656558466901232,-0.71656558466901232,-1.6164631383138338
0,1.0622513418702584,1.0622513418702584,1.7898445296841348
0,-1.916494769510536,-1.916494769510536,-2.8516261000422832
0,1.92025654791845,1.92025654791845,-0.43323630172610208
0,0.7601121414654128,0.7601121414654128,-0.068721287811189384
0,0.565950007489992,0.565950007489992,1.370857349597284
0,-0.97117777212604016,-0.97117777212604016,-1.2392730162135526
0,-0.29641760254838396,-0.29641760254838396,-1.2496771131530044
0,-2.3117744016368648,-2.3117744016368648,-2.5789624528315844
0,-1.9283735138031032,-1.9283735138031032,-0.66460340668216552
0,-0.38619026834220928,-0.38619026834220928,0.20104769101630216
0,-0.68020686296121016,-0.68020686296121016,0.018933086673160652
0,1.1971134512380408,1.1971134512380408,1.473877165785548
0,0.391776069038954,0.391776069038954,1.5954825442805376
1,-2.5324277183590396,-2.5324277183590396,-0.86041846184296912
1,-3.1908376092065724,-3.1908376092065724,-2.4100249266191904
1,1.5869763645135504,1.5869763645135504,1.616935053097722
1,0.55345082590616544,0.55345082590616544,-0.6328476407969452
1,-1.0357050854846046,-1.0357050854846046,-1.1595008213296684
1,-0.17125919916838084,-0.17125919916838084,0.49715308412925488
1,0.225047633938999,0.225047633938999,-0.1302851161606372
1,-2.4155622843311356,-2.4155622843311356,-2.0734758645072544
1,-1.5091198982907678,-1.5091198982907678,-1.2437678802896694
1,2.450953405282904,2.450953405282904,2.9858305955728688
1,0.95520867695990016,0.95520867695990016,2.2083398490352544
1,5.1179421949598536,5.1179421949598536,5.0278508915775056
1,4.8540534771934184,4.8540534771934184,5.6117688504645072
1,4.612177919324048,4.612177919324048,5.4443443595160616
1,6.3912835095470832,6.3912835095470832,7.6941124121305088
1,6.653568578163872,6.653568578163872,7.9430312332537808
1,7.3355090568726576,7.3355090568726576,6.8008997484078904
1,5.747137479188928,5.747137479188928,6.3598559412624728
1,2.03555116858584,2.03555116858584,0.61063018226509104
1,0.0094834383679428528,0.0094834383679428528,0.29148082753408748
1,3.1482307131892632,3.1482307131892632,1.747028678507398
1,2.132424993069614,2.132424993069614,2.9570097009324476
1,1.6447004440367574,1.6447004440367574,1.5436707026799026
1,2.2178483091333016,2.2178483091333016,0.96325817377690512
1,-1.1607593728239194,-1.1607593728239194,-0.12712810019763876
1,1.6905960092566614,1.6905960092566614,2.488765322857698
1,2.657864553893858,2.657864553893858,4.1329450703136144
1,3.5328152547019784,3.5328152547019784,3.630822292612484
1,1.3421696851943016,1.3421696851943016,2.9115196155185012
1,1.272343357327194,1.272343357327194,0.60473957154307504
1,0.86996167083363488,0.86996167083363488,1.674695661105741
1,3.2304828048626812,3.2304828048626812,3.9919261703580104
1,2.2079277529699724,2.2079277529699724,3.3399769235550164
1,1.4841007332644426,1.4841007332644426,2.1069937591559608
1,1.6489290589041432,1.6489290589041432,2.8956688534457428
1,2.6460317173916496,2.6460317173916496,0.35288186766831696
1,-0.44090468880980224,-0.44090468880980224,0.686041280078474
1,0.22581559786453964,0.22581559786453964,-0.78512376773150928
1,2.0433085291741912,2.0433085291741912,1.3150178509908948
1,-1.0193304321934516,-1.0193304321934516,0.081441467391513696
1,-1.232055519212342,-1.232055519212342,-2.7628947953055852
1,-1.0318686087055758,-1.0318686087055758,-0.10454867258317634
1,2.2697415580701096,2.2697415580701096,2.2319812889783224
1,0.33078632145976084,0.33078632145976084,1.59888401857669
1,0.28995250461987044,0.28995250461987044,0.99460620768895632
1,0.083184792425914816,0.083184792425914816,-1.1009220148069426
1,-0.33132948435886068,-0.33132948435886068,-1.2376412710733564
1,1.0192944739114736,1.0192944739114736,0.86327991277223264
1,1.8641067392857496,1.8641067392857496,3.2810861170632472
1,0.16026365408971354,0.16026365408971354,1.1259879165659236
1,-0.10196427174191546,-0.10196427174191546,0.65498164907414136
1,1.069858126240726,1.069858126240726,0.24048813177456936
1,5.3765714339052856,5.3765714339052856,5.9963083116482008
1,4.1622673717665848,4.1622673717665848,3.4175321122902972
1,3.1499470316837332,3.1499470316837332,3.823186380362052
1,4.08379586950986,4.08379586950986,3.654840403465052
1,3.001500830974032,3.001500830974032,3.417082185201498
1,0.60823245941929472,0.60823245941929472,0.19912265618719572
1,-0.2130314048912928,-0.2130314048912928,-1.2477947116677534
1,0.34903772836055564,0.34903772836055564,0.43394904981273008
1,-1.904171466376846,-1.904171466376846,-1.1089187931064166
1,-1.2996888617130596,-1.2996888617130596,-1.466911453292758
1,-2.5123398920820172,-2.5123398920820172,-2.80500507293066
1,-2.7455493212573664,-2.7455493212573664,-4.3621571407899464
1,3.0031292955072656,3.0031292955072656,0.30252087360960544
1,-0.48863940013130272,-0.48863940013130272,0.61977950808893112
1,0.2686598616965228,0.2686598616965228,1.2295508688949042
1,2.8138041949134872,2.8138041949134872,4.0877777156479152
1,3.8275766550996136,3.8275766550996136,3.2639668921139452
1,3.81326910197794,3.81326910197794,4.6049291581989816
1,3.3138920177458648,3.3138920177458648,2.9509342065893784
1,4.9328800096721672,4.9328800096721672,4.9590907493288104
1,0.82191767555949008,0.82191767555949008,1.2371755600488882
1,2.7172789302903128,2.7172789302903128,3.6370489059935344
1,2.4501122579720704,2.4501122579720704,3.7478461459439328
1,0.92141904739930176,0.92141904739930176,-0.4181322281662272
1,0.049805162123959024,0.049805162123959024,-0.95628136785136448
1,-0.95231106015136336,-0.95231106015136336,-0.75371437038279968
1,0.52547296118815976,0.52547296118815976,0.42972728744811264
1,0.072871036320846704,0.072871036320846704,0.3386601392651052
1,0.091818007650257824,0.091818007650257824,0.775240461305412
1,-0.020765092176068256,-0.020765092176068256,-1.2015813078292928
1,-0.07229434330172568,-0.07229434330172568,0.852409486481396
1,1.381553677198863,1.381553677198863,0.62600356533758328
1,1.0940525062107442,1.0940525062107442,1.2710553453362078
1,1.9727913362142612,1.9727913362142612,1.109318809939362
1,-3.2385797910277028,-3.2385797910277028,-3.8771967477211768
1,-5.6414438038527808,-5.6414438038527808,-4.9994550588750704
1,-1.019750911513836,-1.019750911513836,0.76455924875466016
1,-2.6477239266428468,-2.6477239266428468,-2.246907439346452
1,-0.805647217385552,-0.805647217385552,-0.86409788865805248
1,-1.2544343935015188,-1.2544343935015188,-1.3996260092065398
1,-1.5681233766912266,-1.5681233766912266,-2.613810203257088
1,-1.6924255996119162,-1.6924255996119162,-1.0635760342417284
1,-1.9766517138676064,-1.9766517138676064,0.1109357661881677
1,1.848238868010318,1.848238868010318,0.68550730702018936
1,0.39314641266785952,0.39314641266785952,1.0642884116605598
1,-0.83863064341696816,-0.83863064341696816,1.0460637693895732
1,0.82347923086712352,0.82347923086712352,3.8060257902314688
1,3.8278956506176616,3.8278956506176616,3.72903702439622
1,-1.565945311432597,-1.565945311432597,1.7318364191304956
1,0.1516763282321305,0.1516763282321305,1.4109474093466672
1,-0.64754342575262,-0.64754342575262,-1.347317967485028
1,-0.67946545720668904,-0.67946545720668904,-1.537829863511945
1,-2.7364526876881504,-2.7364526876881504,-0.10080827437092176
1,4.7826776824676736,4.7826776824676736,5.6907908396791712
1,5.3282060626199544,5.3282060626199544,5.4529152462963472
1,6.1541808513333624,6.1541808513333624,6.1054661997420768
1,5.6038893917861472,5.6038893917861472,5.03613898819132
1,1.8731008916261512,1.8731008916261512,2.8226188536141804
1,0.36238512826693944,0.36238512826693944,2.7495535632882092
1,6.9689757942058496,6.9689757942058496,5.2815646171019192
1,3.9895143695552448,3.9895143695552448,3.168710202527848
1,4.0808031948242608,4.0808031948242608,2.7938753528164612
1,-2.0623482878710576,-2.0623482878710576,-0.26118124816473176
1,-3.807737873032076,-3.807737873032076,-2.5937722724952808
1,-2.3242417996676004,-2.3242417996676004,-1.913308051847514
1,1.9232756444158984,1.9232756444158984,0.72173526970051488
1,-0.14866889095161496,-0.14866889095161496,-2.333470093994306
1,-1.456126124723545,-1.456126124723545,-1.9311181809086628
1,1.0724111885457584,1.0724111885457584,1.8683879923421512
1,1.0334748155714996,1.0334748155714996,1.2094709147776976
1,5.6153326609294376,5.6153326609294376,3.146515513304874
1,0.1935704718722492,0.1935704718722492,0.82383240199661696
1,3.1119099988317612,3.1119099988317612,1.3139091301998712
1,4.4489543516740768,4.4489543516740768,5.159513009648448
1,4.1217281264059736,4.1217281264059736,2.2484233540818404
1,1.2152015824117704,1.2152015824117704,0.78786413513361952
1,-0.10615323406413906,-0.10615323406413906,0.40269852316764432
1,3.1434673816273308,3.1434673816273308,1.9673415744103704
1,-0.39552148773796112,-0.39552148773796112,2.7445570392293792
1,4.7969552578341016,4.7969552578341016,3.4009596057874836
1,3.494709245631948,3.494709245631948,4.5187211378500848
1,4.1749462450899936,4.1749462450899936,4.5240475264902896
1,2.9536403255047664,2.9536403255047664,2.1999983129087948
1,-1.8513368169228524,-1.8513368169228524,-1.8836373832783304
1,2.3159893267280696,2.3159893267280696,0.57502888356876672
1,0.98955348171375536,0.98955348171375536,1.3802468960436776
1,4.0442961340073664,4.0442961340073664,2.599378344754748
1,3.0030773859858488,3.0030773859858488,3.4559012767907572
1,3.7442611428010784,3.7442611428010784,3.9799199375569016
1,5.3320934846396512,5.3320934846396512,6.3144785066515064
1,5.6866559716395632,5.6866559716395632,6.2703456792095976
1,3.2756419459712384,3.2756419459712384,3.1876516765808528
1,0.9661740135975712,0.9661740135975712,1.209357674160322
1,1.392695671169216,1.392695671169216,0.87967064929684432
1,-3.0463605991858836,-3.0463605991858836,-1.9972433125768356
1,3.1640732232320552,3.1640732232320552,4.1046881850027376
1,0.72546558781252384,0.72546558781252384,1.3357054218403542
1,0.56634901681886984,0.56634901681886984,0.93577046944316448
1,0.73093597770669088,0.73093597770669088,2.1440181102440824
1,2.306165222299666,2.306165222299666,2.6647516591551216
1,-1.0041203503467864,-1.0041203503467864,-0.8524598014041664
1,1.865872915870928,1.865872915870928,0.88477192413953072
1,1.5666886044099266,1.5666886044099266,0.13985960679893434
1,0.307311168873859,0.307311168873859,1.0098111850915498
1,3.6741929103512176,3.6741929103512176,4.5748306419008192
1,1.4970128113449552,1.4970128113449552,1.7293422081518948
1,1.690069071172402,1.690069071172402,2.3603200016781748
1,1.95718516767356,1.95718516767356,-0.14908782988186676
1,3.3145151451906764,3.3145151451906764,2.15001823234775
1,1.1803582224799872,1.1803582224799872,2.0559816996989344
1,4.481854023647348,4.481854023647348,3.2580466960063628
1,6.0482600297361168,6.0482600297361168,7.3502090556284032
1,3.7066213512468648,3.7066213512468648,3.9616960685236352
1,4.7188107538762232,4.7188107538762232,4.3120029836789664
1,1.7786222785789734,1.7786222785789734,2.5369944890560624
1,0.06247611856415636,0.06247611856415636,-1.025926808990477
1,-1.235779427181155,-1.235779427181155,-1.531248788149735
1,1.4429238817024604,1.4429238817024604,0.14694989419168314
1,0.39461392142801536,0.39461392142801536,-1.572333538566387
1,-5.885145414873984,-5.885145414873984,-4.6327179953091872
1,-2.5168138239668848,-2.5168138239668848,-3.98916605945238
1,-2.7355287419155324,-2.7355287419155324,-2.8087918611234236
1,-4.1090638264687392,-4.1090638264687392,-3.483464111789446
1,-3.3618090496904756,-3.3618090496904756,-3.3601681667525076
1,-1.7670727541134718,-1.7670727541134718,-1.5186642533963102
1,-2.1470433731595212,-2.1470433731595212,-3.4449839865437312
1,-3.0824215816659136,-3.0824215816659136,-5.9795607335748808
1,-3.6216953083524616,-3.6216953083524616,-5.2404525995557432
1,-2.2069619514095632,-2.2069619514095632,-1.9784681002356596
1,-2.2183290169613924,-2.2183290169613924,-2.1663560189868908
1,-1.9016742484840896,-1.9016742484840896,-0.086002078681152176
1,-0.38080158997288016,-0.38080158997288016,0.39765341855779144
1,-0.64772014339495584,-0.64772014339495584,-1.0410552806057354
1,-1.885956149670548,-1.885956149670548,0.051314439054963248
1,-0.35488922552346856,-0.35488922552346856,-0.18462638722883108
1,-1.6433727938125262,-1.6433727938125262,-1.526080641745268
1,-2.1984301790027544,-2.1984301790027544,-1.7121793946728124
1,0.37532160134076584,0.37532160134076584,-0.69163507406044064
1,-0.73507422285889264,-0.73507422285889264,-2.1206918979178968
1,-3.7799613919271616,-3.7799613919271616,-4.9632875795442152
1,1.3336062293182484,1.3336062293182484,0.80945989729516256
1,-1.9863639447963168,-1.9863639447963168,-1.181811744817633
1,-2.6336439921258328,-2.6336439921258328,-3.68258364419582
1,-2.8911270858498672,-2.8911270858498672,-2.126098554724558
1,1.8628297685916332,1.8628297685916332,0.88848880429985824
1,-1.240305587706696,-1.240305587706696,-2.4013178452044456
1,2.833081555811702,2.833081555811702,2.1286366164557656
1,4.6817037494067344,4.6817037494067344,5.094677978300748
1,3.7957294425644552,3.7957294425644552,3.4408928959220044
